trajectory_id,geopoint_id,distance,fl,time_over,type,rel_dist,visible,order,id,coords,type,st_x(gpt.coords),st_y(gpt.coords)
2062740,1565,NULL,0,2014-09-12 12:35:00,NULL,NULL,1,1,1565,...,A,-22.235,114.0883333
2062740,43565,NULL,10,2014-09-12 12:40:52,NULL,NULL,1,2,43565,...,GEO,35.99722222,50.60805556
2062740,43566,NULL,35,2014-09-12 12:41:55,NULL,NULL,1,3,43566,...,GEO,36.11916667,50.49361111
2062740,43567,NULL,70,2014-09-12 12:43:05,NULL,NULL,1,4,43567,...,GEO,36.45666667,50.22027778
2062740,43568,NULL,90,2014-09-12 12:43:47,NULL,NULL,1,5,43568,...,GEO,36.92083333,49.89916667
2062740,32660,NULL,130,2014-09-12 12:45:19,NULL,NULL,1,6,32660,...,DB,49.51416667,2.421388889
2062740,43569,NULL,170,2014-09-12 12:47:08,NULL,NULL,1,7,43569,...,GEO,37.73194444,48.81555556
2062740,43570,NULL,190,2014-09-12 12:48:11,NULL,NULL,1,8,43570,...,GEO,50.12194444,40.93472222
2062740,43571,NULL,230,2014-09-12 12:50:41,NULL,NULL,1,9,43571,...,GEO,54.30666667,37.73361111
2062740,24678,NULL,241,2014-09-12 12:51:34,NULL,NULL,1,10,24678,...,DB,6.15,13.725
2062740,11450,NULL,279,2014-09-12 12:54:49,NULL,NULL,1,11,11450,...,DB,62.23861111,51.70277778
2062740,43572,NULL,320,2014-09-12 12:58:25,NULL,NULL,1,12,43572,...,GEO,40.15138889,44.40166667
2062740,43573,NULL,340,2014-09-12 13:00:34,NULL,NULL,1,13,43573,...,GEO,40.16333333,44.41916667
2062740,31370,NULL,340,2014-09-12 13:03:28,NULL,NULL,1,14,31370,...,DB,39.54666667,19.7075
2062740,18063,NULL,340,2014-09-12 13:14:00,NULL,NULL,1,15,18063,...,DB,62.48611111,6.196111111
2062740,11432,NULL,340,2014-09-12 13:16:42,NULL,NULL,1,16,11432,...,DB,41.32,-11.57166667
2062740,25169,NULL,340,2014-09-12 13:22:42,NULL,NULL,1,17,25169,...,DB,-2.916666667,25.9
2062740,34426,NULL,340,2014-09-12 13:26:54,NULL,NULL,1,18,34426,...,DB,51.17055556,0.952222222
2062740,14250,NULL,340,2014-09-12 13:30:39,NULL,NULL,1,19,14250,...,DB,46.77972222,23.4
2062740,27635,NULL,340,2014-09-12 13:33:39,NULL,NULL,1,20,27635,...,DB,35.35055556,4.225
2062740,10238,NULL,340,2014-09-12 13:37:06,NULL,NULL,1,21,10238,...,DB,48.17666667,7.66
2062740,33657,NULL,340,2014-09-12 13:53:54,NULL,NULL,1,22,33657,...,DB,44.82638889,26.29916667
2062740,26174,NULL,340,2014-09-12 13:58:33,NULL,NULL,1,23,26174,...,DB,52.64694444,-0.916666667
2062740,18200,NULL,340,2014-09-12 13:59:00,NULL,NULL,1,24,18200,...,DB,51.67027778,-0.699444444
2062740,13658,NULL,340,2014-09-12 14:11:37,NULL,NULL,1,25,13658,...,DB,48.45168357,-4.421329433
2062740,13381,NULL,340,2014-09-12 14:18:52,NULL,NULL,1,26,13381,...,DB,-5.526,117.0678333
2062740,31294,NULL,340,2014-09-12 14:19:26,NULL,NULL,1,27,31294,...,DB,57.22638889,21.67444444
2062740,19533,NULL,340,2014-09-12 14:23:36,NULL,NULL,1,28,19533,...,DB,10.92805,108.072
2062740,10911,NULL,340,2014-09-12 14:28:02,NULL,NULL,1,29,10911,...,DB,53.71805555,28.27138888
2062740,8603,NULL,340,2014-09-12 14:33:55,NULL,NULL,1,30,8603,...,DB,60.47972222,10.33722222
2062740,8372,NULL,340,2014-09-12 14:36:13,NULL,NULL,1,31,8372,...,DB,53.38444444,-0.925555556
2062740,52452,NULL,340,2014-09-12 14:37:39,NULL,NULL,1,32,52452,...,GEO,36.89055556,3.295277778
2062740,390237,NULL,320,2014-09-12 14:38:16,NULL,NULL,1,33,390237,...,GEO,44.88166667,4.813333333
2062740,46212,NULL,300,2014-09-12 14:38:51,NULL,NULL,1,34,46212,...,GEO,36.68166667,13.62888889
2062740,46213,NULL,270,2014-09-12 14:40:01,NULL,NULL,1,35,46213,...,GEO,36.81277778,13.51027778
2062740,46214,NULL,250,2014-09-12 14:40:49,NULL,NULL,1,36,46214,...,GEO,36.9725,13.36555556
2062740,34311,NULL,245,2014-09-12 14:41:01,NULL,NULL,1,37,34311,...,DB,49.84166667,14.78805556
2062740,732372,NULL,175,2014-09-12 14:43:27,NULL,NULL,1,38,732372,...,GEO,60.39666667,23.215
2062740,1438874,NULL,170,2014-09-12 14:43:39,NULL,NULL,1,39,1438874,...,GEO,47.81944444,-1.718888889
2062740,32140,NULL,148,2014-09-12 14:44:30,NULL,NULL,1,40,32140,...,DB,47.85611111,27.7675
2062740,46215,NULL,110,2014-09-12 14:45:57,NULL,NULL,1,41,46215,...,GEO,37.64972222,12.7425
2062740,26917,NULL,107,2014-09-12 14:46:05,NULL,NULL,1,42,26917,...,DB,37.83972222,30.23277778
2062740,46216,NULL,90,2014-09-12 14:46:47,NULL,NULL,1,43,46216,...,GEO,47.43444444,5.098055556
2062740,46217,NULL,70,2014-09-12 14:48:00,NULL,NULL,1,44,46217,...,GEO,47.50722222,5.098333333
2062740,46218,NULL,50,2014-09-12 14:49:15,NULL,NULL,1,45,46218,...,GEO,48.00361111,4.569166667
2062740,46219,NULL,20,2014-09-12 14:51:43,NULL,NULL,1,46,46219,...,GEO,48.0375,4.525833333
2062740,46220,NULL,15,2014-09-12 14:52:15,NULL,NULL,1,47,46220,...,GEO,48.1125,4.430277778
2062740,183,NULL,0,2014-09-12 14:53:21,NULL,NULL,1,48,183,...,A,12.38888889,-16.74166667
2095645,1565,NULL,0,2014-09-12 12:35:00,NULL,NULL,1,1,1565,...,A,-22.235,114.0883333
2095645,43565,NULL,10,2014-09-12 12:40:52,NULL,NULL,1,2,43565,...,GEO,35.99722222,50.60805556
2095645,43566,NULL,35,2014-09-12 12:41:55,NULL,NULL,1,3,43566,...,GEO,36.11916667,50.49361111
2095645,43567,NULL,70,2014-09-12 12:43:05,NULL,NULL,1,4,43567,...,GEO,36.45666667,50.22027778
2095645,43568,NULL,90,2014-09-12 12:43:47,NULL,NULL,1,5,43568,...,GEO,36.92083333,49.89916667
2095645,32660,NULL,130,2014-09-12 12:45:19,NULL,NULL,1,6,32660,...,DB,49.51416667,2.421388889
2095645,43569,NULL,170,2014-09-12 12:47:08,NULL,NULL,1,7,43569,...,GEO,37.73194444,48.81555556
2095645,43570,NULL,190,2014-09-12 12:48:11,NULL,NULL,1,8,43570,...,GEO,50.12194444,40.93472222
2095645,43571,NULL,230,2014-09-12 12:50:41,NULL,NULL,1,9,43571,...,GEO,54.30666667,37.73361111
2095645,24678,NULL,241,2014-09-12 12:51:34,NULL,NULL,1,10,24678,...,DB,6.15,13.725
2095645,11450,NULL,279,2014-09-12 12:54:49,NULL,NULL,1,11,11450,...,DB,62.23861111,51.70277778
2095645,43572,NULL,320,2014-09-12 12:58:25,NULL,NULL,1,12,43572,...,GEO,40.15138889,44.40166667
2095645,43573,NULL,340,2014-09-12 13:00:34,NULL,NULL,1,13,43573,...,GEO,40.16333333,44.41916667
2095645,31370,NULL,340,2014-09-12 13:03:28,NULL,NULL,1,14,31370,...,DB,39.54666667,19.7075
2095645,18063,NULL,340,2014-09-12 13:14:00,NULL,NULL,1,15,18063,...,DB,62.48611111,6.196111111
2095645,11432,NULL,340,2014-09-12 13:16:42,NULL,NULL,1,16,11432,...,DB,41.32,-11.57166667
2095645,25169,NULL,340,2014-09-12 13:22:42,NULL,NULL,1,17,25169,...,DB,-2.916666667,25.9
2095645,34426,NULL,340,2014-09-12 13:26:54,NULL,NULL,1,18,34426,...,DB,51.17055556,0.952222222
2095645,14250,NULL,340,2014-09-12 13:30:39,NULL,NULL,1,19,14250,...,DB,46.77972222,23.4
2095645,27635,NULL,340,2014-09-12 13:33:39,NULL,NULL,1,20,27635,...,DB,35.35055556,4.225
2095645,10238,NULL,340,2014-09-12 13:37:06,NULL,NULL,1,21,10238,...,DB,48.17666667,7.66
2095645,33657,NULL,340,2014-09-12 13:53:54,NULL,NULL,1,22,33657,...,DB,44.82638889,26.29916667
2095645,26174,NULL,340,2014-09-12 13:58:33,NULL,NULL,1,23,26174,...,DB,52.64694444,-0.916666667
2095645,18200,NULL,340,2014-09-12 13:59:00,NULL,NULL,1,24,18200,...,DB,51.67027778,-0.699444444
2095645,13658,NULL,340,2014-09-12 14:11:37,NULL,NULL,1,25,13658,...,DB,48.45168357,-4.421329433
2095645,13381,NULL,340,2014-09-12 14:18:52,NULL,NULL,1,26,13381,...,DB,-5.526,117.0678333
2095645,31294,NULL,340,2014-09-12 14:19:26,NULL,NULL,1,27,31294,...,DB,57.22638889,21.67444444
2095645,19533,NULL,340,2014-09-12 14:23:36,NULL,NULL,1,28,19533,...,DB,10.92805,108.072
2095645,10911,NULL,340,2014-09-12 14:28:02,NULL,NULL,1,29,10911,...,DB,53.71805555,28.27138888
2095645,8603,NULL,340,2014-09-12 14:33:55,NULL,NULL,1,30,8603,...,DB,60.47972222,10.33722222
2095645,8372,NULL,340,2014-09-12 14:36:13,NULL,NULL,1,31,8372,...,DB,53.38444444,-0.925555556
2095645,52452,NULL,340,2014-09-12 14:37:39,NULL,NULL,1,32,52452,...,GEO,36.89055556,3.295277778
2095645,390237,NULL,320,2014-09-12 14:38:16,NULL,NULL,1,33,390237,...,GEO,44.88166667,4.813333333
2095645,46212,NULL,300,2014-09-12 14:38:51,NULL,NULL,1,34,46212,...,GEO,36.68166667,13.62888889
2095645,46213,NULL,270,2014-09-12 14:40:01,NULL,NULL,1,35,46213,...,GEO,36.81277778,13.51027778
2095645,46214,NULL,250,2014-09-12 14:40:49,NULL,NULL,1,36,46214,...,GEO,36.9725,13.36555556
2095645,34311,NULL,245,2014-09-12 14:41:01,NULL,NULL,1,37,34311,...,DB,49.84166667,14.78805556
2095645,732372,NULL,175,2014-09-12 14:43:27,NULL,NULL,1,38,732372,...,GEO,60.39666667,23.215
2095645,1438874,NULL,170,2014-09-12 14:43:39,NULL,NULL,1,39,1438874,...,GEO,47.81944444,-1.718888889
2095645,32140,NULL,148,2014-09-12 14:44:30,NULL,NULL,1,40,32140,...,DB,47.85611111,27.7675
2095645,46215,NULL,110,2014-09-12 14:45:57,NULL,NULL,1,41,46215,...,GEO,37.64972222,12.7425
2095645,26917,NULL,107,2014-09-12 14:46:05,NULL,NULL,1,42,26917,...,DB,37.83972222,30.23277778
2095645,46216,NULL,90,2014-09-12 14:46:47,NULL,NULL,1,43,46216,...,GEO,47.43444444,5.098055556
2095645,46217,NULL,70,2014-09-12 14:48:00,NULL,NULL,1,44,46217,...,GEO,47.50722222,5.098333333
2095645,46218,NULL,50,2014-09-12 14:49:15,NULL,NULL,1,45,46218,...,GEO,48.00361111,4.569166667
2095645,46219,NULL,20,2014-09-12 14:51:43,NULL,NULL,1,46,46219,...,GEO,48.0375,4.525833333
2095645,46220,NULL,15,2014-09-12 14:52:15,NULL,NULL,1,47,46220,...,GEO,48.1125,4.430277778
2095645,183,NULL,0,2014-09-12 14:53:21,NULL,NULL,1,48,183,...,A,12.38888889,-16.74166667
2128550,1565,NULL,0,2014-09-12 12:36:00,NULL,NULL,1,1,1565,...,A,-22.235,114.0883333
2128550,43565,NULL,10,2014-09-12 12:36:11,NULL,NULL,1,2,43565,...,GEO,35.99722222,50.60805556
2128550,43566,NULL,35,2014-09-12 12:37:16,NULL,NULL,1,3,43566,...,GEO,36.11916667,50.49361111
2128550,43567,NULL,70,2014-09-12 12:38:27,NULL,NULL,1,4,43567,...,GEO,36.45666667,50.22027778
2128550,43568,NULL,90,2014-09-12 12:39:10,NULL,NULL,1,5,43568,...,GEO,36.92083333,49.89916667
2128550,32660,NULL,130,2014-09-12 12:40:44,NULL,NULL,1,6,32660,...,DB,49.51416667,2.421388889
2128550,43569,NULL,170,2014-09-12 12:42:35,NULL,NULL,1,7,43569,...,GEO,37.73194444,48.81555556
2128550,43570,NULL,190,2014-09-12 12:43:38,NULL,NULL,1,8,43570,...,GEO,50.12194444,40.93472222
2128550,43571,NULL,230,2014-09-12 12:46:12,NULL,NULL,1,9,43571,...,GEO,54.30666667,37.73361111
2128550,24678,NULL,241,2014-09-12 12:47:06,NULL,NULL,1,10,24678,...,DB,6.15,13.725
2128550,11450,NULL,279,2014-09-12 12:50:24,NULL,NULL,1,11,11450,...,DB,62.23861111,51.70277778
2128550,43572,NULL,320,2014-09-12 12:54:13,NULL,NULL,1,12,43572,...,GEO,40.15138889,44.40166667
2128550,43573,NULL,340,2014-09-12 12:56:32,NULL,NULL,1,13,43573,...,GEO,40.16333333,44.41916667
2128550,31370,NULL,340,2014-09-12 12:59:39,NULL,NULL,1,14,31370,...,DB,39.54666667,19.7075
2128550,18063,NULL,340,2014-09-12 13:10:56,NULL,NULL,1,15,18063,...,DB,62.48611111,6.196111111
2128550,11432,NULL,340,2014-09-12 13:13:47,NULL,NULL,1,16,11432,...,DB,41.32,-11.57166667
2128550,25169,NULL,340,2014-09-12 13:20:07,NULL,NULL,1,17,25169,...,DB,-2.916666667,25.9
2128550,34426,NULL,340,2014-09-12 13:24:33,NULL,NULL,1,18,34426,...,DB,51.17055556,0.952222222
2128550,14250,NULL,340,2014-09-12 13:28:31,NULL,NULL,1,19,14250,...,DB,46.77972222,23.4
2128550,27635,NULL,340,2014-09-12 13:31:41,NULL,NULL,1,20,27635,...,DB,35.35055556,4.225
2128550,10238,NULL,340,2014-09-12 13:35:20,NULL,NULL,1,21,10238,...,DB,48.17666667,7.66
2128550,33657,NULL,340,2014-09-12 13:53:04,NULL,NULL,1,22,33657,...,DB,44.82638889,26.29916667
2128550,26174,NULL,340,2014-09-12 13:57:58,NULL,NULL,1,23,26174,...,DB,52.64694444,-0.916666667
2128550,18200,NULL,340,2014-09-12 13:58:27,NULL,NULL,1,24,18200,...,DB,51.67027778,-0.699444444
2128550,397133,NULL,340,2014-09-12 14:14:20,NULL,NULL,1,25,397133,...,GEO,47.19222222,13.56166667
2128550,1663840,NULL,340,2014-09-12 14:16:20,NULL,NULL,1,26,1663840,...,GEO,41.04083333,14.50611111
2128550,384092,NULL,340,2014-09-12 14:17:20,NULL,NULL,1,27,384092,...,GEO,50.16166667,8.498888889
2128550,390220,NULL,340,2014-09-12 14:18:20,NULL,NULL,1,28,390220,...,GEO,44.2075,26.01583333
2128550,386070,NULL,340,2014-09-12 14:19:20,NULL,NULL,1,29,386070,...,GEO,43.1275,1.091111111
2128550,10911,NULL,340,2014-09-12 14:27:45,NULL,NULL,1,30,10911,...,DB,53.71805555,28.27138888
2128550,2205977,NULL,340,2014-09-12 14:29:28,NULL,NULL,1,31,2205977,...,GEO,43.53472222,16.20805556
2128550,8603,NULL,340,2014-09-12 14:33:33,NULL,NULL,1,32,8603,...,DB,60.47972222,10.33722222
2128550,479657,NULL,340,2014-09-12 14:34:56,NULL,NULL,1,33,479657,...,GEO,59.08777778,10.24416667
2128550,627474,NULL,322,2014-09-12 14:35:32,NULL,NULL,1,34,627474,...,GEO,53.19194444,8.440833333
2128550,8372,NULL,322,2014-09-12 14:35:48,NULL,NULL,1,35,8372,...,DB,53.38444444,-0.925555556
2128550,763323,NULL,322,2014-09-12 14:36:04,NULL,NULL,1,36,763323,...,GEO,56.07694444,-1.845555556
2128550,670281,NULL,304,2014-09-12 14:36:32,NULL,NULL,1,37,670281,...,GEO,49.83888889,6.413055556
2128550,401500,NULL,304,2014-09-12 14:36:58,NULL,NULL,1,38,401500,...,GEO,38.11611111,24.10583333
2128550,401501,NULL,288,2014-09-12 14:37:32,NULL,NULL,1,39,401501,...,GEO,45.0825,1.449444444
2128550,479659,NULL,288,2014-09-12 14:37:40,NULL,NULL,1,40,479659,...,GEO,59.14083333,10.26027778
2128550,1423699,NULL,268,2014-09-12 14:38:32,NULL,NULL,1,41,1423699,...,GEO,47.62888889,11.73694444
2128550,77896,NULL,268,2014-09-12 14:39:00,NULL,NULL,1,42,77896,...,GEO,48.42888889,13.85972222
2128550,46213,NULL,250,2014-09-12 14:39:43,NULL,NULL,1,43,46213,...,GEO,36.81277778,13.51027778
2128550,401503,NULL,230,2014-09-12 14:40:31,NULL,NULL,1,44,401503,...,GEO,45.30416667,1.262222222
2128550,34311,NULL,225,2014-09-12 14:40:44,NULL,NULL,1,45,34311,...,DB,49.84166667,14.78805556
2128550,14339554,NULL,210,2014-09-12 14:41:20,NULL,NULL,1,46,14339554,...,GEO,51.98111111,1.030833333
2128550,14339555,NULL,203,2014-09-12 14:41:36,NULL,NULL,1,47,14339555,...,GEO,51.98583333,0.973333333
2128550,14339556,NULL,174,2014-09-12 14:42:36,NULL,NULL,1,48,14339556,...,GEO,51.99388889,0.872777778
2128550,14339557,NULL,152,2014-09-12 14:43:36,NULL,NULL,1,49,14339557,...,GEO,51.995,0.858333333
2128550,14339558,NULL,152,2014-09-12 14:43:46,NULL,NULL,1,50,14339558,...,GEO,51.99638889,0.843888889
2128550,14339559,NULL,131,2014-09-12 14:44:36,NULL,NULL,1,51,14339559,...,GEO,52.00083333,0.786388889
2128550,14339560,NULL,131,2014-09-12 14:44:41,NULL,NULL,1,52,14339560,...,GEO,52.00222222,0.771944444
2128550,14339561,NULL,110,2014-09-12 14:45:36,NULL,NULL,1,53,14339561,...,GEO,51.98944444,0.491388889
2128550,14339562,NULL,90,2014-09-12 14:46:18,NULL,NULL,1,54,14339562,...,GEO,51.97944444,0.451111111
2128550,14339563,NULL,80,2014-09-12 14:46:51,NULL,NULL,1,55,14339563,...,GEO,51.96916667,0.410555556
2128550,14339564,NULL,80,2014-09-12 14:47:23,NULL,NULL,1,56,14339564,...,GEO,51.95916667,0.37
2128550,14339565,NULL,76,2014-09-12 14:47:36,NULL,NULL,1,57,14339565,...,GEO,43.34888889,19.58333333
2128550,23577,NULL,56,2014-09-12 14:49:40,NULL,NULL,1,58,23577,...,DB,40.72304163,-3.563695333
2128550,555199,NULL,37,2014-09-12 14:50:40,NULL,NULL,1,59,555199,...,GEO,48.56972222,-0.9825
2128550,20384,NULL,35,2014-09-12 14:50:45,NULL,NULL,1,60,20384,...,DB,51.18333333,5.833333333
2128550,14339566,NULL,25,2014-09-12 14:51:15,NULL,NULL,1,61,14339566,...,GEO,43.38722222,19.65222222
2128550,14339567,NULL,18,2014-09-12 14:51:40,NULL,NULL,1,62,14339567,...,GEO,43.41472222,19.70138889
2128550,6832039,NULL,17,2014-09-12 14:52:40,NULL,NULL,1,63,6832039,...,GEO,46.40333333,37.34416667
2128550,10034990,NULL,10,2014-09-12 14:53:40,NULL,NULL,1,64,10034990,...,GEO,60.78944444,9.322777778
2128550,604803,NULL,10,2014-09-12 14:54:06,NULL,NULL,1,65,604803,...,GEO,51.31805556,12.30416667
2128550,183,NULL,0,2014-09-12 14:54:34,NULL,NULL,1,66,183,...,A,12.38888889,-16.74166667
2063389,1303,NULL,0,2014-09-12 02:48:00,NULL,NULL,1,1,1303,...,A,38.065,-97.86
2063389,5571403,NULL,5,2014-09-12 02:48:11,NULL,NULL,1,2,5571403,...,GEO,39.67277778,27.25388889
2063389,5571404,NULL,25,2014-09-12 02:49:05,NULL,NULL,1,3,5571404,...,GEO,40.67861111,27.8375
2063389,5572488,NULL,35,2014-09-12 02:49:28,NULL,NULL,1,4,5572488,...,GEO,51.75194444,-1.569444444
2063389,5572489,NULL,50,2014-09-12 02:49:59,NULL,NULL,1,5,5572489,...,GEO,51.75916667,-1.527222222
2063389,5572490,NULL,70,2014-09-12 02:50:37,NULL,NULL,1,6,5572490,...,GEO,51.76138889,-1.513055556
2063389,5572491,NULL,90,2014-09-12 02:51:17,NULL,NULL,1,7,5572491,...,GEO,51.76861111,-1.470555556
2063389,5572492,NULL,130,2014-09-12 02:52:47,NULL,NULL,1,8,5572492,...,GEO,52.135,20.38638889
2063389,20855,NULL,172,2014-09-12 02:54:37,NULL,NULL,1,9,20855,...,DB,52.05,-0.393888889
2063389,5571222,NULL,190,2014-09-12 02:55:33,NULL,NULL,1,10,5571222,...,GEO,50.78583333,7.053333333
2063389,10034,NULL,211,2014-09-12 02:56:44,NULL,NULL,1,11,10034,...,DB,52.59472222,-1.724444444
2063389,5572493,NULL,230,2014-09-12 02:57:56,NULL,NULL,1,12,5572493,...,GEO,52.11333333,20.33916667
2063389,5572494,NULL,250,2014-09-12 02:59:24,NULL,NULL,1,13,5572494,...,GEO,51.84861111,19.76222222
2063389,5572495,NULL,340,2014-09-12 03:07:13,NULL,NULL,1,14,5572495,...,GEO,48.71027778,19.14277778
2063389,11950,NULL,340,2014-09-12 03:08:05,NULL,NULL,1,15,11950,...,DB,48.71888928,2.375453267
2063389,22013,NULL,340,2014-09-12 03:22:54,NULL,NULL,1,16,22013,...,DB,63.76472222,20.33722222
2063389,9766,NULL,340,2014-09-12 03:31:20,NULL,NULL,1,17,9766,...,DB,38.92544665,20.7639885
2063389,32136,NULL,340,2014-09-12 03:32:30,NULL,NULL,1,18,32136,...,DB,35.11666667,129
2063389,12994,NULL,340,2014-09-12 03:45:34,NULL,NULL,1,19,12994,...,DB,48.35722222,35.26777778
2063389,14062,NULL,340,2014-09-12 03:48:37,NULL,NULL,1,20,14062,...,DB,62.84694444,20.14027778
2063389,14882,NULL,340,2014-09-12 03:51:05,NULL,NULL,1,21,14882,...,DB,59.41166667,25.16472222
2063389,10131,NULL,340,2014-09-12 03:55:18,NULL,NULL,1,22,10131,...,DB,69.29833333,18.66666667
2063389,20373,NULL,340,2014-09-12 03:58:26,NULL,NULL,1,23,20373,...,DB,63.68833333,20.48861111
2063389,10875,NULL,340,2014-09-12 03:59:40,NULL,NULL,1,24,10875,...,DB,45.75527778,5.205833333
2063389,31411,NULL,340,2014-09-12 04:01:33,NULL,NULL,1,25,31411,...,DB,35.80472222,-6.289722222
2063389,172480,NULL,340,2014-09-12 04:05:24,NULL,NULL,1,26,172480,...,GEO,44.45166667,10.62833333
2063389,11843,NULL,298,2014-09-12 04:06:38,NULL,NULL,1,27,11843,...,DB,47.02333333,10.7425
2063389,30219,NULL,272,2014-09-12 04:07:39,NULL,NULL,1,28,30219,...,DB,60.40888889,24.86611111
2063389,45273,NULL,230,2014-09-12 04:09:21,NULL,NULL,1,29,45273,...,GEO,43.985,18.13138889
2063389,32742,NULL,214,2014-09-12 04:10:00,NULL,NULL,1,30,32742,...,DB,36.56944444,28.92638889
2063389,45274,NULL,190,2014-09-12 04:10:59,NULL,NULL,1,31,45274,...,GEO,44.14888889,18.05944444
2063389,45275,NULL,150,2014-09-12 04:12:42,NULL,NULL,1,32,45275,...,GEO,44.31305556,17.85722222
2063389,45276,NULL,130,2014-09-12 04:13:36,NULL,NULL,1,33,45276,...,GEO,44.39388889,17.72194444
2063389,45277,NULL,90,2014-09-12 04:15:28,NULL,NULL,1,34,45277,...,GEO,44.48722222,17.57027778
2063389,10499,NULL,60,2014-09-12 04:17:43,NULL,NULL,1,35,10499,...,DB,47.84777778,-0.688333333
2063389,45278,NULL,60,2014-09-12 04:20:39,NULL,NULL,1,36,45278,...,GEO,44.62166667,17.35222222
2063389,45279,NULL,50,2014-09-12 04:21:26,NULL,NULL,1,37,45279,...,GEO,59.63194444,28.63277778
2063389,41381,NULL,20,2014-09-12 04:24:41,NULL,NULL,1,38,41381,...,GEO,41.85805556,44.65638889
2063389,5707,NULL,0,2014-09-12 04:26:58,NULL,NULL,1,39,5707,...,A,29.95,-94.01666667
2096294,1303,NULL,0,2014-09-12 02:48:00,NULL,NULL,1,1,1303,...,A,38.065,-97.86
2096294,5571403,NULL,5,2014-09-12 02:48:11,NULL,NULL,1,2,5571403,...,GEO,39.67277778,27.25388889
2096294,5571404,NULL,25,2014-09-12 02:49:05,NULL,NULL,1,3,5571404,...,GEO,40.67861111,27.8375
2096294,5572488,NULL,35,2014-09-12 02:49:28,NULL,NULL,1,4,5572488,...,GEO,51.75194444,-1.569444444
2096294,5572489,NULL,50,2014-09-12 02:49:59,NULL,NULL,1,5,5572489,...,GEO,51.75916667,-1.527222222
2096294,5572490,NULL,70,2014-09-12 02:50:37,NULL,NULL,1,6,5572490,...,GEO,51.76138889,-1.513055556
2096294,5572491,NULL,90,2014-09-12 02:51:17,NULL,NULL,1,7,5572491,...,GEO,51.76861111,-1.470555556
2096294,5572492,NULL,130,2014-09-12 02:52:47,NULL,NULL,1,8,5572492,...,GEO,52.135,20.38638889
2096294,20855,NULL,172,2014-09-12 02:54:37,NULL,NULL,1,9,20855,...,DB,52.05,-0.393888889
2096294,5571222,NULL,190,2014-09-12 02:55:33,NULL,NULL,1,10,5571222,...,GEO,50.78583333,7.053333333
2096294,10034,NULL,211,2014-09-12 02:56:44,NULL,NULL,1,11,10034,...,DB,52.59472222,-1.724444444
2096294,5572493,NULL,230,2014-09-12 02:57:56,NULL,NULL,1,12,5572493,...,GEO,52.11333333,20.33916667
2096294,5572494,NULL,250,2014-09-12 02:59:24,NULL,NULL,1,13,5572494,...,GEO,51.84861111,19.76222222
2096294,5572495,NULL,340,2014-09-12 03:07:13,NULL,NULL,1,14,5572495,...,GEO,48.71027778,19.14277778
2096294,11950,NULL,340,2014-09-12 03:08:05,NULL,NULL,1,15,11950,...,DB,48.71888928,2.375453267
2096294,22013,NULL,340,2014-09-12 03:22:54,NULL,NULL,1,16,22013,...,DB,63.76472222,20.33722222
2096294,9766,NULL,340,2014-09-12 03:31:20,NULL,NULL,1,17,9766,...,DB,38.92544665,20.7639885
2096294,32136,NULL,340,2014-09-12 03:32:30,NULL,NULL,1,18,32136,...,DB,35.11666667,129
2096294,12994,NULL,340,2014-09-12 03:45:34,NULL,NULL,1,19,12994,...,DB,48.35722222,35.26777778
2096294,14062,NULL,340,2014-09-12 03:48:37,NULL,NULL,1,20,14062,...,DB,62.84694444,20.14027778
2096294,14882,NULL,340,2014-09-12 03:51:05,NULL,NULL,1,21,14882,...,DB,59.41166667,25.16472222
2096294,10131,NULL,340,2014-09-12 03:55:18,NULL,NULL,1,22,10131,...,DB,69.29833333,18.66666667
2096294,20373,NULL,340,2014-09-12 03:58:26,NULL,NULL,1,23,20373,...,DB,63.68833333,20.48861111
2096294,10875,NULL,340,2014-09-12 03:59:40,NULL,NULL,1,24,10875,...,DB,45.75527778,5.205833333
2096294,31411,NULL,340,2014-09-12 04:01:33,NULL,NULL,1,25,31411,...,DB,35.80472222,-6.289722222
2096294,172480,NULL,340,2014-09-12 04:05:24,NULL,NULL,1,26,172480,...,GEO,44.45166667,10.62833333
2096294,11843,NULL,298,2014-09-12 04:06:38,NULL,NULL,1,27,11843,...,DB,47.02333333,10.7425
2096294,30219,NULL,272,2014-09-12 04:07:39,NULL,NULL,1,28,30219,...,DB,60.40888889,24.86611111
2096294,45273,NULL,230,2014-09-12 04:09:21,NULL,NULL,1,29,45273,...,GEO,43.985,18.13138889
2096294,32742,NULL,214,2014-09-12 04:10:00,NULL,NULL,1,30,32742,...,DB,36.56944444,28.92638889
2096294,45274,NULL,190,2014-09-12 04:10:59,NULL,NULL,1,31,45274,...,GEO,44.14888889,18.05944444
2096294,45275,NULL,150,2014-09-12 04:12:42,NULL,NULL,1,32,45275,...,GEO,44.31305556,17.85722222
2096294,45276,NULL,130,2014-09-12 04:13:36,NULL,NULL,1,33,45276,...,GEO,44.39388889,17.72194444
2096294,45277,NULL,90,2014-09-12 04:15:28,NULL,NULL,1,34,45277,...,GEO,44.48722222,17.57027778
2096294,10499,NULL,60,2014-09-12 04:17:43,NULL,NULL,1,35,10499,...,DB,47.84777778,-0.688333333
2096294,45278,NULL,60,2014-09-12 04:20:39,NULL,NULL,1,36,45278,...,GEO,44.62166667,17.35222222
2096294,45279,NULL,50,2014-09-12 04:21:26,NULL,NULL,1,37,45279,...,GEO,59.63194444,28.63277778
2096294,41381,NULL,20,2014-09-12 04:24:41,NULL,NULL,1,38,41381,...,GEO,41.85805556,44.65638889
2096294,5707,NULL,0,2014-09-12 04:26:58,NULL,NULL,1,39,5707,...,A,29.95,-94.01666667
2129199,1303,NULL,0,2014-09-12 02:36:00,NULL,NULL,1,1,1303,...,A,38.065,-97.86
2129199,5571403,NULL,5,2014-09-12 02:36:11,NULL,NULL,1,2,5571403,...,GEO,39.67277778,27.25388889
2129199,5571404,NULL,25,2014-09-12 02:37:14,NULL,NULL,1,3,5571404,...,GEO,40.67861111,27.8375
2129199,5572488,NULL,35,2014-09-12 02:37:41,NULL,NULL,1,4,5572488,...,GEO,51.75194444,-1.569444444
2129199,5572489,NULL,50,2014-09-12 02:38:16,NULL,NULL,1,5,5572489,...,GEO,51.75916667,-1.527222222
2129199,5572490,NULL,70,2014-09-12 02:39:00,NULL,NULL,1,6,5572490,...,GEO,51.76138889,-1.513055556
2129199,5572491,NULL,90,2014-09-12 02:39:45,NULL,NULL,1,7,5572491,...,GEO,51.76861111,-1.470555556
2129199,5572492,NULL,130,2014-09-12 02:41:28,NULL,NULL,1,8,5572492,...,GEO,52.135,20.38638889
2129199,20855,NULL,172,2014-09-12 02:43:34,NULL,NULL,1,9,20855,...,DB,52.05,-0.393888889
2129199,5571222,NULL,190,2014-09-12 02:44:37,NULL,NULL,1,10,5571222,...,GEO,50.78583333,7.053333333
2129199,10034,NULL,211,2014-09-12 02:46:00,NULL,NULL,1,11,10034,...,DB,52.59472222,-1.724444444
2129199,5572493,NULL,230,2014-09-12 02:47:11,NULL,NULL,1,12,5572493,...,GEO,52.11333333,20.33916667
2129199,5572494,NULL,250,2014-09-12 02:48:38,NULL,NULL,1,13,5572494,...,GEO,51.84861111,19.76222222
2129199,6183551,NULL,320,2014-09-12 02:54:32,NULL,NULL,1,14,6183551,...,GEO,37.71305556,-122.3191667
2129199,5572495,NULL,340,2014-09-12 02:56:27,NULL,NULL,1,15,5572495,...,GEO,48.71027778,19.14277778
2129199,11950,NULL,340,2014-09-12 02:57:19,NULL,NULL,1,16,11950,...,DB,48.71888928,2.375453267
2129199,22013,NULL,340,2014-09-12 03:11:56,NULL,NULL,1,17,22013,...,DB,63.76472222,20.33722222
2129199,6123957,NULL,340,2014-09-12 03:14:05,NULL,NULL,1,18,6123957,...,GEO,55.09805556,10.76916667
2129199,3048443,NULL,360,2014-09-12 03:16:33,NULL,NULL,1,19,3048443,...,GEO,58.98694444,15.08777778
2129199,9766,NULL,360,2014-09-12 03:20:17,NULL,NULL,1,20,9766,...,DB,38.92544665,20.7639885
2129199,32136,NULL,360,2014-09-12 03:21:27,NULL,NULL,1,21,32136,...,DB,35.11666667,129
2129199,14348383,NULL,360,2014-09-12 03:26:33,NULL,NULL,1,22,14348383,...,GEO,49.04833333,2.421388889
2129199,14348384,NULL,360,2014-09-12 03:27:33,NULL,NULL,1,23,14348384,...,GEO,49.02277778,2.431666667
2129199,14348385,NULL,360,2014-09-12 03:30:33,NULL,NULL,1,24,14348385,...,GEO,49.01694444,2.483333333
2129199,14348386,NULL,360,2014-09-12 03:31:33,NULL,NULL,1,25,14348386,...,GEO,52.10166667,1.946666667
2129199,14348387,NULL,360,2014-09-12 03:34:44,NULL,NULL,1,26,14348387,...,GEO,52.35722222,6.065
2129199,35573,NULL,360,2014-09-12 03:44:22,NULL,NULL,1,27,35573,...,DB,49.547,24.17152778
2129199,14348388,NULL,360,2014-09-12 03:46:44,NULL,NULL,1,28,14348388,...,GEO,52.38333333,7.2
2129199,14348389,NULL,360,2014-09-12 03:51:31,NULL,NULL,1,29,14348389,...,GEO,52.25111111,8.133611111
2129199,14348390,NULL,353,2014-09-12 03:51:44,NULL,NULL,1,30,14348390,...,GEO,52.33111111,10.37722222
2129199,14348391,NULL,353,2014-09-12 03:52:21,NULL,NULL,1,31,14348391,...,GEO,56.43694444,13.13888889
2129199,14348392,NULL,343,2014-09-12 03:52:44,NULL,NULL,1,32,14348392,...,GEO,56.33944444,13.10861111
2129199,14348393,NULL,343,2014-09-12 03:53:27,NULL,NULL,1,33,14348393,...,GEO,56.32166667,13.10305556
2129199,14348394,NULL,333,2014-09-12 03:53:44,NULL,NULL,1,34,14348394,...,GEO,56.24166667,13.07805556
2129199,14348395,NULL,333,2014-09-12 03:54:28,NULL,NULL,1,35,14348395,...,GEO,56.18861111,13.06138889
2129199,14348396,NULL,323,2014-09-12 03:54:44,NULL,NULL,1,36,14348396,...,GEO,56.09972222,13.03361111
2129199,10445,NULL,323,2014-09-12 03:55:21,NULL,NULL,1,37,10445,...,DB,47.13555556,7.941388889
2129199,3241810,NULL,323,2014-09-12 03:55:30,NULL,NULL,1,38,3241810,...,GEO,58.02805556,9.316388889
2129199,3241811,NULL,320,2014-09-12 03:55:37,NULL,NULL,1,39,3241811,...,GEO,57.66833333,8.9325
2129199,2950293,NULL,312,2014-09-12 03:55:54,NULL,NULL,1,40,2950293,...,GEO,57.7725,11.95777778
2129199,30219,NULL,312,2014-09-12 03:56:08,NULL,NULL,1,41,30219,...,DB,60.40888889,24.86611111
2129199,375486,NULL,312,2014-09-12 03:56:40,NULL,NULL,1,42,375486,...,GEO,50.23305556,14.72861111
2129199,151259,NULL,302,2014-09-12 03:56:54,NULL,NULL,1,43,151259,...,GEO,40.25611111,-3.046944444
2129199,406545,NULL,302,2014-09-12 03:57:32,NULL,NULL,1,44,406545,...,GEO,41.78055556,20.98111111
2129199,32742,NULL,282,2014-09-12 03:58:11,NULL,NULL,1,45,32742,...,DB,36.56944444,28.92638889
2129199,731694,NULL,250,2014-09-12 03:59:08,NULL,NULL,1,46,731694,...,GEO,41.48944444,2.3075
2129199,642759,NULL,240,2014-09-12 03:59:28,NULL,NULL,1,47,642759,...,GEO,53.82666667,-4.533611111
2129199,597949,NULL,197,2014-09-12 04:00:54,NULL,NULL,1,48,597949,...,GEO,47.87055556,6.037777778
2129199,375494,NULL,190,2014-09-12 04:01:10,NULL,NULL,1,49,375494,...,GEO,50.07666667,14.3175
2129199,710179,NULL,172,2014-09-12 04:01:53,NULL,NULL,1,50,710179,...,GEO,40.87666667,12.16361111
2129199,194466,NULL,172,2014-09-12 04:02:02,NULL,NULL,1,51,194466,...,GEO,37.8825,-5.483333333
2129199,172484,NULL,151,2014-09-12 04:02:53,NULL,NULL,1,52,172484,...,GEO,38.72083333,14.18305556
2129199,10440,NULL,151,2014-09-12 04:03:14,NULL,NULL,1,53,10440,...,DB,9.567783333,98.80966667
2129199,14348397,NULL,151,2014-09-12 04:03:25,NULL,NULL,1,54,14348397,...,GEO,56.08194444,13.02805556
2129199,14348398,NULL,150,2014-09-12 04:03:28,NULL,NULL,1,55,14348398,...,GEO,56.07305556,13.02527778
2129199,14348399,NULL,140,2014-09-12 04:04:20,NULL,NULL,1,56,14348399,...,GEO,56.00222222,13.00305556
2129199,14348400,NULL,120,2014-09-12 04:05:17,NULL,NULL,1,57,14348400,...,GEO,55.95,12.97388889
2129199,14348401,NULL,120,2014-09-12 04:05:53,NULL,NULL,1,58,14348401,...,GEO,55.87194444,12.93
2129199,14348402,NULL,120,2014-09-12 04:06:21,NULL,NULL,1,59,14348402,...,GEO,55.72833333,12.82777778
2129199,14348403,NULL,110,2014-09-12 04:07:16,NULL,NULL,1,60,14348403,...,GEO,55.71388889,12.805
2129199,14348404,NULL,101,2014-09-12 04:07:53,NULL,NULL,1,61,14348404,...,GEO,51.42694444,0.208055556
2129199,14348405,NULL,101,2014-09-12 04:08:03,NULL,NULL,1,62,14348405,...,GEO,51.43,0.18
2129199,14348406,NULL,90,2014-09-12 04:08:47,NULL,NULL,1,63,14348406,...,GEO,51.435,0.138055556
2129199,14348407,NULL,89,2014-09-12 04:08:53,NULL,NULL,1,64,14348407,...,GEO,51.44666667,0.039722222
2129199,14348408,NULL,71,2014-09-12 04:09:54,NULL,NULL,1,65,14348408,...,GEO,51.46638889,-0.128611111
2129199,14348409,NULL,70,2014-09-12 04:09:58,NULL,NULL,1,66,14348409,...,GEO,51.48444444,-0.283055556
2129199,14348410,NULL,50,2014-09-12 04:11:20,NULL,NULL,1,67,14348410,...,GEO,51.63305556,-0.556944444
2129199,14348411,NULL,25,2014-09-12 04:13:35,NULL,NULL,1,68,14348411,...,GEO,51.75194444,-0.776111111
2129199,14348412,NULL,15,2014-09-12 04:14:40,NULL,NULL,1,69,14348412,...,GEO,51.78777778,-0.841944444
2129199,14348413,NULL,10,2014-09-12 04:15:13,NULL,NULL,1,70,14348413,...,GEO,55.75166667,-3.367777778
2129199,5707,NULL,0,2014-09-12 04:16:04,NULL,NULL,1,71,5707,...,A,29.95,-94.01666667
2063584,4019,NULL,0,2014-09-12 00:40:00,NULL,NULL,1,1,4019,...,A,47.1575,-67.83472222
2063584,61831,NULL,10,2014-09-12 00:41:18,NULL,NULL,1,2,61831,...,GEO,50.85361111,7.209166667
2063584,72909,NULL,50,2014-09-12 00:42:43,NULL,NULL,1,3,72909,...,GEO,51.50444444,-1.526388889
2063584,72910,NULL,90,2014-09-12 00:43:53,NULL,NULL,1,4,72910,...,GEO,51.52666667,-2.066388889
2063584,72911,NULL,130,2014-09-12 00:45:14,NULL,NULL,1,5,72911,...,GEO,60.16166667,10.49222222
2063584,61837,NULL,170,2014-09-12 00:46:49,NULL,NULL,1,6,61837,...,GEO,48.735,13.21444444
2063584,72912,NULL,210,2014-09-12 00:48:44,NULL,NULL,1,7,72912,...,GEO,60.1525,10.08444444
2063584,72913,NULL,230,2014-09-12 00:49:51,NULL,NULL,1,8,72913,...,GEO,60.01083333,9.293055556
2063584,32075,NULL,248,2014-09-12 00:51:00,NULL,NULL,1,9,32075,...,DB,46.42444444,11.81166667
2063584,72914,NULL,270,2014-09-12 00:52:43,NULL,NULL,1,10,72914,...,GEO,59.85444444,8.705833333
2063584,72915,NULL,300,2014-09-12 00:54:43,NULL,NULL,1,11,72915,...,GEO,59.70444444,8.154444444
2063584,179485,NULL,340,2014-09-12 00:57:42,NULL,NULL,1,12,179485,...,GEO,44.80361111,20.14722222
2063584,179486,NULL,360,2014-09-12 00:59:23,NULL,NULL,1,13,179486,...,GEO,44.80722222,20.18416667
2063584,179487,NULL,370,2014-09-12 01:00:26,NULL,NULL,1,14,179487,...,GEO,40.52138889,5.616944444
2063584,11314,NULL,370,2014-09-12 01:36:00,NULL,NULL,1,15,11314,...,DB,60.19611111,20.54055556
2063584,11468,NULL,370,2014-09-12 01:41:04,NULL,NULL,1,16,11468,...,DB,26.79472222,49.03833333
2063584,9535,NULL,370,2014-09-12 02:56:31,NULL,NULL,1,17,9535,...,DB,8.366666667,-8.283333333
2063584,1289310,NULL,380,2014-09-12 02:57:35,NULL,NULL,1,18,1289310,...,GEO,58.42694444,8.974444444
2063584,1289311,NULL,390,2014-09-12 02:58:51,NULL,NULL,1,19,1289311,...,GEO,58.36611111,8.873888889
2063584,16863,NULL,390,2014-09-12 03:24:51,NULL,NULL,1,20,16863,...,DB,53.0788277,3.976925017
2063584,421159,NULL,380,2014-09-12 03:25:17,NULL,NULL,1,21,421159,...,GEO,53.13611111,-2.653611111
2063584,421161,NULL,340,2014-09-12 03:26:48,NULL,NULL,1,22,421161,...,GEO,53.21388889,-2.528333333
2063584,1289312,NULL,330,2014-09-12 03:27:08,NULL,NULL,1,23,1289312,...,GEO,58.31194444,8.784722222
2063584,9329,NULL,330,2014-09-12 03:32:11,NULL,NULL,1,24,9329,...,DB,59.11,5.883055556
2063584,492016,NULL,300,2014-09-12 03:33:10,NULL,NULL,1,25,492016,...,GEO,39.09861111,-5.068333333
2063584,409573,NULL,290,2014-09-12 03:33:36,NULL,NULL,1,26,409573,...,GEO,60.18194444,11.18527778
2063584,14262,NULL,290,2014-09-12 03:34:10,NULL,NULL,1,27,14262,...,DB,62.05833333,37.05416667
2063584,31848,NULL,290,2014-09-12 03:34:24,NULL,NULL,1,28,31848,...,DB,45.33472222,14.44666667
2063584,1289313,NULL,270,2014-09-12 03:35:12,NULL,NULL,1,29,1289313,...,GEO,58.04111111,8.338333333
2063584,9132,NULL,232,2014-09-12 03:36:42,NULL,NULL,1,30,9132,...,DB,54.39944444,-7.655555556
2063584,1289314,NULL,230,2014-09-12 03:36:47,NULL,NULL,1,31,1289314,...,GEO,46.80333333,23.58333333
2063584,26363,NULL,230,2014-09-12 03:40:03,NULL,NULL,1,32,26363,...,DB,40.82888889,29.12111111
2063584,165402,NULL,210,2014-09-12 03:40:54,NULL,NULL,1,33,165402,...,GEO,47.18166667,7.401666667
2063584,24224,NULL,210,2014-09-12 03:43:31,NULL,NULL,1,34,24224,...,DB,10.40055,107.1861667
2063584,1158492,NULL,190,2014-09-12 03:44:22,NULL,NULL,1,35,1158492,...,GEO,48.63472222,9.27
2063584,10981,NULL,187,2014-09-12 03:44:30,NULL,NULL,1,36,10981,...,DB,49.96777778,23.89916667
2063584,174707,NULL,180,2014-09-12 03:44:52,NULL,NULL,1,37,174707,...,GEO,43.31972222,1.240277778
2063584,846591,NULL,180,2014-09-12 03:48:12,NULL,NULL,1,38,846591,...,GEO,55.41277778,11.51138889
2063584,79367,NULL,170,2014-09-12 03:48:38,NULL,NULL,1,39,79367,...,GEO,44.66527778,3.685833333
2063584,21267,NULL,159,2014-09-12 03:49:08,NULL,NULL,1,40,21267,...,DB,27.73277778,-15.89611111
2063584,79369,NULL,130,2014-09-12 03:50:28,NULL,NULL,1,41,79369,...,GEO,44.20583333,3.808055556
2063584,79370,NULL,90,2014-09-12 03:52:22,NULL,NULL,1,42,79370,...,GEO,44.10861111,3.833888889
2063584,19150,NULL,82,2014-09-12 03:52:58,NULL,NULL,1,43,19150,...,DB,60.34666667,11.09638889
2063584,17426,NULL,52,2014-09-12 03:55:08,NULL,NULL,1,44,17426,...,DB,36.45245728,55.15098688
2063584,76192,NULL,25,2014-09-12 03:57:45,NULL,NULL,1,45,76192,...,GEO,52.265,20.80416667
2063584,570,NULL,0,2014-09-12 03:59:28,NULL,NULL,1,46,570,...,A,33.41083333,36.51333333
2096489,4019,NULL,0,2014-09-12 00:40:00,NULL,NULL,1,1,4019,...,A,47.1575,-67.83472222
2096489,61831,NULL,10,2014-09-12 00:41:18,NULL,NULL,1,2,61831,...,GEO,50.85361111,7.209166667
2096489,72909,NULL,50,2014-09-12 00:42:43,NULL,NULL,1,3,72909,...,GEO,51.50444444,-1.526388889
2096489,72910,NULL,90,2014-09-12 00:43:53,NULL,NULL,1,4,72910,...,GEO,51.52666667,-2.066388889
2096489,72911,NULL,130,2014-09-12 00:45:14,NULL,NULL,1,5,72911,...,GEO,60.16166667,10.49222222
2096489,61837,NULL,170,2014-09-12 00:46:49,NULL,NULL,1,6,61837,...,GEO,48.735,13.21444444
2096489,72912,NULL,210,2014-09-12 00:48:44,NULL,NULL,1,7,72912,...,GEO,60.1525,10.08444444
2096489,72913,NULL,230,2014-09-12 00:49:51,NULL,NULL,1,8,72913,...,GEO,60.01083333,9.293055556
2096489,32075,NULL,248,2014-09-12 00:51:00,NULL,NULL,1,9,32075,...,DB,46.42444444,11.81166667
2096489,72914,NULL,270,2014-09-12 00:52:43,NULL,NULL,1,10,72914,...,GEO,59.85444444,8.705833333
2096489,72915,NULL,300,2014-09-12 00:54:43,NULL,NULL,1,11,72915,...,GEO,59.70444444,8.154444444
2096489,179485,NULL,340,2014-09-12 00:57:42,NULL,NULL,1,12,179485,...,GEO,44.80361111,20.14722222
2096489,179486,NULL,360,2014-09-12 00:59:23,NULL,NULL,1,13,179486,...,GEO,44.80722222,20.18416667
2096489,179487,NULL,370,2014-09-12 01:00:26,NULL,NULL,1,14,179487,...,GEO,40.52138889,5.616944444
2096489,11314,NULL,370,2014-09-12 01:36:00,NULL,NULL,1,15,11314,...,DB,60.19611111,20.54055556
2096489,11468,NULL,370,2014-09-12 01:41:04,NULL,NULL,1,16,11468,...,DB,26.79472222,49.03833333
2096489,9535,NULL,370,2014-09-12 02:56:31,NULL,NULL,1,17,9535,...,DB,8.366666667,-8.283333333
2096489,1289310,NULL,380,2014-09-12 02:57:35,NULL,NULL,1,18,1289310,...,GEO,58.42694444,8.974444444
2096489,1289311,NULL,390,2014-09-12 02:58:51,NULL,NULL,1,19,1289311,...,GEO,58.36611111,8.873888889
2096489,16863,NULL,390,2014-09-12 03:24:51,NULL,NULL,1,20,16863,...,DB,53.0788277,3.976925017
2096489,421159,NULL,380,2014-09-12 03:25:17,NULL,NULL,1,21,421159,...,GEO,53.13611111,-2.653611111
2096489,421161,NULL,340,2014-09-12 03:26:48,NULL,NULL,1,22,421161,...,GEO,53.21388889,-2.528333333
2096489,1289312,NULL,330,2014-09-12 03:27:08,NULL,NULL,1,23,1289312,...,GEO,58.31194444,8.784722222
2096489,9329,NULL,330,2014-09-12 03:32:11,NULL,NULL,1,24,9329,...,DB,59.11,5.883055556
2096489,492016,NULL,300,2014-09-12 03:33:10,NULL,NULL,1,25,492016,...,GEO,39.09861111,-5.068333333
2096489,409573,NULL,290,2014-09-12 03:33:36,NULL,NULL,1,26,409573,...,GEO,60.18194444,11.18527778
2096489,14262,NULL,290,2014-09-12 03:34:10,NULL,NULL,1,27,14262,...,DB,62.05833333,37.05416667
2096489,31848,NULL,290,2014-09-12 03:34:24,NULL,NULL,1,28,31848,...,DB,45.33472222,14.44666667
2096489,1289313,NULL,270,2014-09-12 03:35:12,NULL,NULL,1,29,1289313,...,GEO,58.04111111,8.338333333
2096489,9132,NULL,232,2014-09-12 03:36:42,NULL,NULL,1,30,9132,...,DB,54.39944444,-7.655555556
2096489,1289314,NULL,230,2014-09-12 03:36:47,NULL,NULL,1,31,1289314,...,GEO,46.80333333,23.58333333
2096489,26363,NULL,230,2014-09-12 03:40:03,NULL,NULL,1,32,26363,...,DB,40.82888889,29.12111111
2096489,165402,NULL,210,2014-09-12 03:40:54,NULL,NULL,1,33,165402,...,GEO,47.18166667,7.401666667
2096489,24224,NULL,210,2014-09-12 03:43:31,NULL,NULL,1,34,24224,...,DB,10.40055,107.1861667
2096489,1158492,NULL,190,2014-09-12 03:44:22,NULL,NULL,1,35,1158492,...,GEO,48.63472222,9.27
2096489,10981,NULL,187,2014-09-12 03:44:30,NULL,NULL,1,36,10981,...,DB,49.96777778,23.89916667
2096489,174707,NULL,180,2014-09-12 03:44:52,NULL,NULL,1,37,174707,...,GEO,43.31972222,1.240277778
2096489,846591,NULL,180,2014-09-12 03:48:12,NULL,NULL,1,38,846591,...,GEO,55.41277778,11.51138889
2096489,79367,NULL,170,2014-09-12 03:48:38,NULL,NULL,1,39,79367,...,GEO,44.66527778,3.685833333
2096489,21267,NULL,159,2014-09-12 03:49:08,NULL,NULL,1,40,21267,...,DB,27.73277778,-15.89611111
2096489,79369,NULL,130,2014-09-12 03:50:28,NULL,NULL,1,41,79369,...,GEO,44.20583333,3.808055556
2096489,79370,NULL,90,2014-09-12 03:52:22,NULL,NULL,1,42,79370,...,GEO,44.10861111,3.833888889
2096489,19150,NULL,82,2014-09-12 03:52:58,NULL,NULL,1,43,19150,...,DB,60.34666667,11.09638889
2096489,17426,NULL,52,2014-09-12 03:55:08,NULL,NULL,1,44,17426,...,DB,36.45245728,55.15098688
2096489,76192,NULL,25,2014-09-12 03:57:45,NULL,NULL,1,45,76192,...,GEO,52.265,20.80416667
2096489,570,NULL,0,2014-09-12 03:59:28,NULL,NULL,1,46,570,...,A,33.41083333,36.51333333
2129394,4019,NULL,0,2014-09-12 00:43:00,NULL,NULL,1,1,4019,...,A,47.1575,-67.83472222
2129394,61831,NULL,10,2014-09-12 00:43:20,NULL,NULL,1,2,61831,...,GEO,50.85361111,7.209166667
2129394,72909,NULL,50,2014-09-12 00:44:47,NULL,NULL,1,3,72909,...,GEO,51.50444444,-1.526388889
2129394,72910,NULL,90,2014-09-12 00:45:59,NULL,NULL,1,4,72910,...,GEO,51.52666667,-2.066388889
2129394,72911,NULL,130,2014-09-12 00:47:23,NULL,NULL,1,5,72911,...,GEO,60.16166667,10.49222222
2129394,61837,NULL,170,2014-09-12 00:49:00,NULL,NULL,1,6,61837,...,GEO,48.735,13.21444444
2129394,72912,NULL,210,2014-09-12 00:50:59,NULL,NULL,1,7,72912,...,GEO,60.1525,10.08444444
2129394,72913,NULL,230,2014-09-12 00:52:08,NULL,NULL,1,8,72913,...,GEO,60.01083333,9.293055556
2129394,32075,NULL,248,2014-09-12 00:53:19,NULL,NULL,1,9,32075,...,DB,46.42444444,11.81166667
2129394,72914,NULL,270,2014-09-12 00:55:05,NULL,NULL,1,10,72914,...,GEO,59.85444444,8.705833333
2129394,72915,NULL,300,2014-09-12 00:57:08,NULL,NULL,1,11,72915,...,GEO,59.70444444,8.154444444
2129394,179485,NULL,340,2014-09-12 01:00:09,NULL,NULL,1,12,179485,...,GEO,44.80361111,20.14722222
2129394,179486,NULL,360,2014-09-12 01:01:53,NULL,NULL,1,13,179486,...,GEO,44.80722222,20.18416667
2129394,179487,NULL,370,2014-09-12 01:02:58,NULL,NULL,1,14,179487,...,GEO,40.52138889,5.616944444
2129394,11314,NULL,370,2014-09-12 01:39:13,NULL,NULL,1,15,11314,...,DB,60.19611111,20.54055556
2129394,6228686,NULL,370,2014-09-12 01:43:56,NULL,NULL,1,16,6228686,...,GEO,49.32694444,9.235
2129394,11468,NULL,370,2014-09-12 01:44:38,NULL,NULL,1,17,11468,...,DB,26.79472222,49.03833333
2129394,4528835,NULL,370,2014-09-12 01:53:56,NULL,NULL,1,18,4528835,...,GEO,43.04166667,-7.818611111
2129394,14352226,NULL,370,2014-09-12 02:03:56,NULL,NULL,1,19,14352226,...,GEO,51.3,13.46638889
2129394,1493602,NULL,370,2014-09-12 02:13:56,NULL,NULL,1,20,1493602,...,GEO,63.76916667,11.46805556
2129394,14352227,NULL,370,2014-09-12 02:23:56,NULL,NULL,1,21,14352227,...,GEO,51.28277778,13.47444444
2129394,14352228,NULL,370,2014-09-12 02:33:56,NULL,NULL,1,22,14352228,...,GEO,51.11888889,13.55083333
2129394,14352229,NULL,370,2014-09-12 02:43:56,NULL,NULL,1,23,14352229,...,GEO,51.10166667,13.55888889
2129394,10485465,NULL,370,2014-09-12 02:53:56,NULL,NULL,1,24,10485465,...,GEO,51.41666667,6.814444444
2129394,9535,NULL,370,2014-09-12 03:01:37,NULL,NULL,1,25,9535,...,DB,8.366666667,-8.283333333
2129394,14352230,NULL,370,2014-09-12 03:04:08,NULL,NULL,1,26,14352230,...,GEO,47.98083333,12.22944444
2129394,14352231,NULL,370,2014-09-12 03:14:13,NULL,NULL,1,27,14352231,...,GEO,47.80277778,12.13166667
2129394,530181,NULL,370,2014-09-12 03:15:46,NULL,NULL,1,28,530181,...,GEO,44.52111111,26.19111111
2129394,14352232,NULL,370,2014-09-12 03:16:37,NULL,NULL,1,29,14352232,...,GEO,47.59305556,12.01722222
2129394,31343,NULL,370,2014-09-12 03:24:34,NULL,NULL,1,30,31343,...,DB,26.29805556,43.77972222
2129394,14352233,NULL,370,2014-09-12 03:30:21,NULL,NULL,1,31,14352233,...,GEO,47.50083333,11.96666667
2129394,14352234,NULL,370,2014-09-12 03:34:29,NULL,NULL,1,32,14352234,...,GEO,47.44194444,11.93472222
2129394,14352235,NULL,360,2014-09-12 03:34:51,NULL,NULL,1,33,14352235,...,GEO,47.43361111,11.93
2129394,14352236,NULL,360,2014-09-12 03:35:48,NULL,NULL,1,34,14352236,...,GEO,47.375,11.89805556
2129394,14352237,NULL,350,2014-09-12 03:36:05,NULL,NULL,1,35,14352237,...,GEO,47.31638889,11.86611111
2129394,14352238,NULL,350,2014-09-12 03:37:12,NULL,NULL,1,36,14352238,...,GEO,47.2575,11.83388889
2129394,14352239,NULL,340,2014-09-12 03:37:32,NULL,NULL,1,37,14352239,...,GEO,46.82444444,11.39694444
2129394,14352240,NULL,300,2014-09-12 03:38:48,NULL,NULL,1,38,14352240,...,GEO,46.7375,11.26444444
2129394,9962528,NULL,300,2014-09-12 03:39:13,NULL,NULL,1,39,9962528,...,GEO,49.26638889,8.900555556
2129394,14352241,NULL,250,2014-09-12 03:41:43,NULL,NULL,1,40,14352241,...,GEO,46.57583333,11.01833333
2129394,14352242,NULL,241,2014-09-12 03:42:06,NULL,NULL,1,41,14352242,...,GEO,46.26555556,10.49333333
2129394,14352243,NULL,230,2014-09-12 03:42:34,NULL,NULL,1,42,14352243,...,GEO,46.24222222,10.45361111
2129394,14352244,NULL,210,2014-09-12 03:43:25,NULL,NULL,1,43,14352244,...,GEO,46.21277778,10.40416667
2129394,14352245,NULL,210,2014-09-12 03:45:28,NULL,NULL,1,44,14352245,...,GEO,46.1425,10.285
2129394,14352246,NULL,190,2014-09-12 03:46:20,NULL,NULL,1,45,14352246,...,GEO,46.13083333,10.26527778
2129394,14352247,NULL,170,2014-09-12 03:47:14,NULL,NULL,1,46,14352247,...,GEO,46.125,10.25527778
2129394,14352248,NULL,150,2014-09-12 03:48:10,NULL,NULL,1,47,14352248,...,GEO,46.06638889,10.15638889
2129394,14352249,NULL,130,2014-09-12 03:49:07,NULL,NULL,1,48,14352249,...,GEO,45.32611111,9.356666667
2129394,14352250,NULL,98,2014-09-12 03:50:43,NULL,NULL,1,49,14352250,...,GEO,46.79416667,0.944444444
2129394,14352251,NULL,98,2014-09-12 03:54:19,NULL,NULL,1,50,14352251,...,GEO,47.20583333,1.208055556
2129394,14352252,NULL,90,2014-09-12 03:54:47,NULL,NULL,1,51,14352252,...,GEO,48.50444444,2.246111111
2129394,14352253,NULL,72,2014-09-12 03:56:29,NULL,NULL,1,52,14352253,...,GEO,48.68666667,2.391666667
2129394,14352254,NULL,50,2014-09-12 03:58:30,NULL,NULL,1,53,14352254,...,GEO,49.59444444,3.964444444
2129394,14352255,NULL,25,2014-09-12 04:01:38,NULL,NULL,1,54,14352255,...,GEO,49.68388889,4.119722222
2129394,9247203,NULL,17,2014-09-12 04:02:53,NULL,NULL,1,55,9247203,...,GEO,49.89194444,12.89833333
2129394,8019362,NULL,17,2014-09-12 04:03:11,NULL,NULL,1,56,8019362,...,GEO,48.48861111,6.78
2129394,570,NULL,0,2014-09-12 04:03:42,NULL,NULL,1,57,570,...,A,33.41083333,36.51333333
2063830,2849,NULL,0,2014-09-12 04:10:00,NULL,NULL,1,1,2849,...,A,64.47222222,11.57861111
2063830,87153,NULL,10,2014-09-12 04:10:18,NULL,NULL,1,2,87153,...,GEO,54.56194444,37.25055556
2063830,32591,NULL,15,2014-09-12 04:10:31,NULL,NULL,1,3,32591,...,DB,49.66833333,56.83722222
2063830,87154,NULL,25,2014-09-12 04:10:56,NULL,NULL,1,4,87154,...,GEO,54.62666667,37.32472222
2063830,87155,NULL,35,2014-09-12 04:11:19,NULL,NULL,1,5,87155,...,GEO,54.9575,37.34722222
2063830,87156,NULL,50,2014-09-12 04:11:49,NULL,NULL,1,6,87156,...,GEO,55.02888889,37.35194444
2063830,87157,NULL,90,2014-09-12 04:13:06,NULL,NULL,1,7,87157,...,GEO,55.18972222,37.36277778
2063830,87158,NULL,110,2014-09-12 04:13:47,NULL,NULL,1,8,87158,...,GEO,55.38277778,37.74138889
2063830,87159,NULL,150,2014-09-12 04:15:17,NULL,NULL,1,9,87159,...,GEO,51.18777778,8.488611111
2063830,87160,NULL,170,2014-09-12 04:16:07,NULL,NULL,1,10,87160,...,GEO,51.24194444,8.604166667
2063830,87161,NULL,210,2014-09-12 04:18:01,NULL,NULL,1,11,87161,...,GEO,51.71694444,9.386111111
2063830,87162,NULL,230,2014-09-12 04:19:07,NULL,NULL,1,12,87162,...,GEO,51.78027778,9.468888889
2063830,20176,NULL,252,2014-09-12 04:20:31,NULL,NULL,1,13,20176,...,DB,37.16944444,123.9980556
2063830,26514,NULL,275,2014-09-12 04:22:14,NULL,NULL,1,14,26514,...,DB,37.71,-3.625
2063830,87164,NULL,300,2014-09-12 04:24:32,NULL,NULL,1,15,87164,...,GEO,52.26388889,9.938055556
2063830,87165,NULL,310,2014-09-12 04:25:17,NULL,NULL,1,16,87165,...,GEO,52.51111111,10.94861111
2063830,32290,NULL,310,2014-09-12 04:34:01,NULL,NULL,1,17,32290,...,DB,50.75944444,-1.491666667
2063830,87166,NULL,310,2014-09-12 04:39:00,NULL,NULL,1,18,87166,...,GEO,52.52416667,11.00361111
2063830,87167,NULL,300,2014-09-12 04:39:20,NULL,NULL,1,19,87167,...,GEO,52.72694444,11.78861111
2063830,9208,NULL,274,2014-09-12 04:40:32,NULL,NULL,1,20,9208,...,DB,49.06305556,-0.622777778
2063830,87168,NULL,270,2014-09-12 04:40:43,NULL,NULL,1,21,87168,...,GEO,52.75944444,11.91277778
2063830,87169,NULL,250,2014-09-12 04:41:38,NULL,NULL,1,22,87169,...,GEO,52.79527778,12.05055556
2063830,30645,NULL,192,2014-09-12 04:44:26,NULL,NULL,1,23,30645,...,DB,37.91166667,15.36583333
2063830,87171,NULL,90,2014-09-12 04:50:01,NULL,NULL,1,24,87171,...,GEO,52.75361111,12.54861111
2063830,242200,NULL,70,2014-09-12 04:51:33,NULL,NULL,1,25,242200,...,GEO,44.43055556,27.92666667
2063830,15858,NULL,48,2014-09-12 04:53:21,NULL,NULL,1,26,15858,...,DB,34.20333333,43.915
2063830,87172,NULL,35,2014-09-12 04:54:41,NULL,NULL,1,27,87172,...,GEO,52.71472222,12.69638889
2063830,87173,NULL,15,2014-09-12 04:56:58,NULL,NULL,1,28,87173,...,GEO,52.6725,12.85777778
2063830,87174,NULL,10,2014-09-12 04:57:37,NULL,NULL,1,29,87174,...,GEO,52.60916667,13.09972222
2063830,87175,NULL,5,2014-09-12 04:58:18,NULL,NULL,1,30,87175,...,GEO,52.57722222,13.22055556
2063830,2664,NULL,0,2014-09-12 04:58:26,NULL,NULL,1,31,2664,...,A,58.09861111,14.4025
2096735,2849,NULL,0,2014-09-12 04:10:00,NULL,NULL,1,1,2849,...,A,64.47222222,11.57861111
2096735,87153,NULL,10,2014-09-12 04:10:18,NULL,NULL,1,2,87153,...,GEO,54.56194444,37.25055556
2096735,32591,NULL,15,2014-09-12 04:10:31,NULL,NULL,1,3,32591,...,DB,49.66833333,56.83722222
2096735,87154,NULL,25,2014-09-12 04:10:56,NULL,NULL,1,4,87154,...,GEO,54.62666667,37.32472222
2096735,87155,NULL,35,2014-09-12 04:11:19,NULL,NULL,1,5,87155,...,GEO,54.9575,37.34722222
2096735,87156,NULL,50,2014-09-12 04:11:49,NULL,NULL,1,6,87156,...,GEO,55.02888889,37.35194444
2096735,87157,NULL,90,2014-09-12 04:13:06,NULL,NULL,1,7,87157,...,GEO,55.18972222,37.36277778
2096735,87158,NULL,110,2014-09-12 04:13:47,NULL,NULL,1,8,87158,...,GEO,55.38277778,37.74138889
2096735,87159,NULL,150,2014-09-12 04:15:17,NULL,NULL,1,9,87159,...,GEO,51.18777778,8.488611111
2096735,87160,NULL,170,2014-09-12 04:16:07,NULL,NULL,1,10,87160,...,GEO,51.24194444,8.604166667
2096735,87161,NULL,210,2014-09-12 04:18:01,NULL,NULL,1,11,87161,...,GEO,51.71694444,9.386111111
2096735,87162,NULL,230,2014-09-12 04:19:07,NULL,NULL,1,12,87162,...,GEO,51.78027778,9.468888889
2096735,20176,NULL,252,2014-09-12 04:20:31,NULL,NULL,1,13,20176,...,DB,37.16944444,123.9980556
2096735,26514,NULL,275,2014-09-12 04:22:14,NULL,NULL,1,14,26514,...,DB,37.71,-3.625
2096735,87164,NULL,300,2014-09-12 04:24:32,NULL,NULL,1,15,87164,...,GEO,52.26388889,9.938055556
2096735,87165,NULL,310,2014-09-12 04:25:17,NULL,NULL,1,16,87165,...,GEO,52.51111111,10.94861111
2096735,32290,NULL,310,2014-09-12 04:34:01,NULL,NULL,1,17,32290,...,DB,50.75944444,-1.491666667
2096735,87166,NULL,310,2014-09-12 04:39:00,NULL,NULL,1,18,87166,...,GEO,52.52416667,11.00361111
2096735,87167,NULL,300,2014-09-12 04:39:20,NULL,NULL,1,19,87167,...,GEO,52.72694444,11.78861111
2096735,9208,NULL,274,2014-09-12 04:40:32,NULL,NULL,1,20,9208,...,DB,49.06305556,-0.622777778
2096735,87168,NULL,270,2014-09-12 04:40:43,NULL,NULL,1,21,87168,...,GEO,52.75944444,11.91277778
2096735,87169,NULL,250,2014-09-12 04:41:38,NULL,NULL,1,22,87169,...,GEO,52.79527778,12.05055556
2096735,30645,NULL,192,2014-09-12 04:44:26,NULL,NULL,1,23,30645,...,DB,37.91166667,15.36583333
2096735,87171,NULL,90,2014-09-12 04:50:01,NULL,NULL,1,24,87171,...,GEO,52.75361111,12.54861111
2096735,242200,NULL,70,2014-09-12 04:51:33,NULL,NULL,1,25,242200,...,GEO,44.43055556,27.92666667
2096735,15858,NULL,48,2014-09-12 04:53:21,NULL,NULL,1,26,15858,...,DB,34.20333333,43.915
2096735,87172,NULL,35,2014-09-12 04:54:41,NULL,NULL,1,27,87172,...,GEO,52.71472222,12.69638889
2096735,87173,NULL,15,2014-09-12 04:56:58,NULL,NULL,1,28,87173,...,GEO,52.6725,12.85777778
2096735,87174,NULL,10,2014-09-12 04:57:37,NULL,NULL,1,29,87174,...,GEO,52.60916667,13.09972222
2096735,87175,NULL,5,2014-09-12 04:58:18,NULL,NULL,1,30,87175,...,GEO,52.57722222,13.22055556
2096735,2664,NULL,0,2014-09-12 04:58:26,NULL,NULL,1,31,2664,...,A,58.09861111,14.4025
2129640,2849,NULL,0,2014-09-12 04:11:00,NULL,NULL,1,1,2849,...,A,64.47222222,11.57861111
2129640,87153,NULL,10,2014-09-12 04:11:16,NULL,NULL,1,2,87153,...,GEO,54.56194444,37.25055556
2129640,32591,NULL,15,2014-09-12 04:11:27,NULL,NULL,1,3,32591,...,DB,49.66833333,56.83722222
2129640,125735,NULL,35,2014-09-12 04:12:09,NULL,NULL,1,4,125735,...,GEO,45.92527778,8.903611111
2129640,1054191,NULL,50,2014-09-12 04:12:35,NULL,NULL,1,5,1054191,...,GEO,51.4075,6.737222222
2129640,9225483,NULL,70,2014-09-12 04:13:08,NULL,NULL,1,6,9225483,...,GEO,43.8275,11.03833333
2129640,14356932,NULL,90,2014-09-12 04:13:42,NULL,NULL,1,7,14356932,...,GEO,53.52666667,-2.383888889
2129640,2213066,NULL,110,2014-09-12 04:14:18,NULL,NULL,1,8,2213066,...,GEO,38.19833333,20.17555556
2129640,125738,NULL,150,2014-09-12 04:15:36,NULL,NULL,1,9,125738,...,GEO,49.20888889,9.130833333
2129640,14356933,NULL,190,2014-09-12 04:17:07,NULL,NULL,1,10,14356933,...,GEO,53.47333333,-2.396666667
2129640,9069085,NULL,210,2014-09-12 04:17:59,NULL,NULL,1,11,9069085,...,GEO,44.91861111,9.284166667
2129640,6258626,NULL,230,2014-09-12 04:18:56,NULL,NULL,1,12,6258626,...,GEO,59.59388889,18.30583333
2129640,257428,NULL,259,2014-09-12 04:20:35,NULL,NULL,1,13,257428,...,GEO,50.06833333,14.32666667
2129640,11040707,NULL,270,2014-09-12 04:21:00,NULL,NULL,1,14,11040707,...,GEO,42.48083333,15.8
2129640,20176,NULL,278,2014-09-12 04:21:23,NULL,NULL,1,15,20176,...,DB,37.16944444,123.9980556
2129640,87163,NULL,303,2014-09-12 04:22:37,NULL,NULL,1,16,87163,...,GEO,51.90888889,9.599166667
2129640,26514,NULL,309,2014-09-12 04:23:04,NULL,NULL,1,17,26514,...,DB,37.71,-3.625
2129640,14356934,NULL,310,2014-09-12 04:32:43,NULL,NULL,1,18,14356934,...,GEO,53.42888889,-2.4075
2129640,14356935,NULL,310,2014-09-12 04:33:44,NULL,NULL,1,19,14356935,...,GEO,53.33111111,-2.431111111
2129640,14356936,NULL,310,2014-09-12 04:35:45,NULL,NULL,1,20,14356936,...,GEO,53.26888889,-2.446111111
2129640,14356937,NULL,310,2014-09-12 04:38:46,NULL,NULL,1,21,14356937,...,GEO,36.84777778,-4.623888889
2129640,14356938,NULL,310,2014-09-12 04:39:38,NULL,NULL,1,22,14356938,...,GEO,36.85638889,-4.627777778
2129640,14356939,NULL,238,2014-09-12 04:41:48,NULL,NULL,1,23,14356939,...,GEO,36.87944444,-4.61
2129640,14356940,NULL,230,2014-09-12 04:42:10,NULL,NULL,1,24,14356940,...,GEO,36.97916667,-4.532777778
2129640,26056,NULL,177,2014-09-12 04:44:48,NULL,NULL,1,25,26056,...,DB,59,5.440277778
2129640,14356941,NULL,150,2014-09-12 04:46:09,NULL,NULL,1,26,14356941,...,GEO,37.0175,-4.503055556
2129640,14356942,NULL,118,2014-09-12 04:47:52,NULL,NULL,1,27,14356942,...,GEO,37.05583333,-4.473333333
2129640,14356943,NULL,118,2014-09-12 04:48:28,NULL,NULL,1,28,14356943,...,GEO,37.12472222,-4.42
2129640,2561105,NULL,110,2014-09-12 04:48:53,NULL,NULL,1,29,2561105,...,GEO,41.80666667,10.63472222
2129640,14356944,NULL,110,2014-09-12 04:49:53,NULL,NULL,1,30,14356944,...,GEO,37.14027778,-4.408055556
2129640,14356945,NULL,110,2014-09-12 04:50:54,NULL,NULL,1,31,14356945,...,GEO,37.27055556,-4.307222222
2129640,14356946,NULL,110,2014-09-12 04:51:35,NULL,NULL,1,32,14356946,...,GEO,37.31666667,-4.271666667
2129640,14356947,NULL,105,2014-09-12 04:51:54,NULL,NULL,1,33,14356947,...,GEO,37.37027778,-4.230277778
2129640,14356948,NULL,105,2014-09-12 04:52:16,NULL,NULL,1,34,14356948,...,GEO,37.53138889,-4.105555556
2129640,14356949,NULL,98,2014-09-12 04:52:55,NULL,NULL,1,35,14356949,...,GEO,37.7,-3.975
2129640,14356950,NULL,98,2014-09-12 04:53:48,NULL,NULL,1,36,14356950,...,GEO,37.91472222,-3.808888889
2129640,14356951,NULL,97,2014-09-12 04:53:55,NULL,NULL,1,37,14356951,...,GEO,38.06805556,-3.690277778
2129640,14356952,NULL,90,2014-09-12 04:54:14,NULL,NULL,1,38,14356952,...,GEO,45.89722222,5.77
2129640,14356953,NULL,70,2014-09-12 04:55:42,NULL,NULL,1,39,14356953,...,GEO,46.00527778,5.859722222
2129640,14356954,NULL,53,2014-09-12 04:56:58,NULL,NULL,1,40,14356954,...,GEO,46.02055556,5.8725
2129640,14356955,NULL,28,2014-09-12 04:58:58,NULL,NULL,1,41,14356955,...,GEO,46.05916667,5.904444444
2129640,14356956,NULL,23,2014-09-12 04:59:59,NULL,NULL,1,42,14356956,...,GEO,58.91472222,17.13444444
2129640,14356957,NULL,20,2014-09-12 05:00:25,NULL,NULL,1,43,14356957,...,GEO,57.50944444,16.03472222
2129640,10695825,NULL,20,2014-09-12 05:00:59,NULL,NULL,1,44,10695825,...,GEO,51.3875,0.882222222
2129640,14356958,NULL,20,2014-09-12 05:01:08,NULL,NULL,1,45,14356958,...,GEO,57.35166667,15.91111111
2129640,9847189,NULL,13,2014-09-12 05:02:00,NULL,NULL,1,46,9847189,...,GEO,43.35305556,27.84388889
2129640,1443840,NULL,5,2014-09-12 05:02:53,NULL,NULL,1,47,1443840,...,GEO,44.92583333,-5.493333333
2129640,2664,NULL,0,2014-09-12 05:03:00,NULL,NULL,1,48,2664,...,A,58.09861111,14.4025
2063992,3753,NULL,0,2014-09-12 00:38:00,NULL,NULL,1,1,3753,...,A,47.15,0.712777778
2063992,42232,NULL,15,2014-09-12 00:38:15,NULL,NULL,1,2,42232,...,GEO,11.97444444,42.96305556
2063992,42741,NULL,20,2014-09-12 00:38:25,NULL,NULL,1,3,42741,...,GEO,50.48222222,-1.950277778
2063992,23840,NULL,50,2014-09-12 00:39:17,NULL,NULL,1,4,23840,...,DB,51.38444444,0.631111111
2063992,12235,NULL,73,2014-09-12 00:39:53,NULL,NULL,1,5,12235,...,DB,44.37055556,17.75972222
2063992,13472,NULL,96,2014-09-12 00:40:28,NULL,NULL,1,6,13472,...,DB,52.03388889,20.30944444
2063992,393304,NULL,150,2014-09-12 00:42:04,NULL,NULL,1,7,393304,...,GEO,55.05583333,24.92527778
2063992,554194,NULL,180,2014-09-12 00:43:06,NULL,NULL,1,8,554194,...,GEO,51.03527778,13.6275
2063992,19733,NULL,180,2014-09-12 00:44:03,NULL,NULL,1,9,19733,...,DB,46.73416667,28.5075
2063992,25020,NULL,180,2014-09-12 00:51:40,NULL,NULL,1,10,25020,...,DB,37.65194444,-3.628888889
2063992,375335,NULL,190,2014-09-12 00:52:00,NULL,NULL,1,11,375335,...,GEO,54.91138889,23.81027778
2063992,32366,NULL,190,2014-09-12 01:05:30,NULL,NULL,1,12,32366,...,DB,51.65416667,1.9125
2063992,817379,NULL,190,2014-09-12 01:07:16,NULL,NULL,1,13,817379,...,GEO,39.95555556,-75.07694444
2063992,26871,NULL,165,2014-09-12 01:08:17,NULL,NULL,1,14,26871,...,DB,40.66138889,22.6475
2063992,41304,NULL,160,2014-09-12 01:08:29,NULL,NULL,1,15,41304,...,GEO,45.41277778,10.35
2063992,41305,NULL,160,2014-09-12 01:09:09,NULL,NULL,1,16,41305,...,GEO,45.40444444,10.36
2063992,24008,NULL,155,2014-09-12 01:09:22,NULL,NULL,1,17,24008,...,DB,52.73944444,5.270555556
2063992,63631,NULL,150,2014-09-12 01:09:35,NULL,NULL,1,18,63631,...,GEO,47.67527778,9.521666667
2063992,80663,NULL,150,2014-09-12 01:13:58,NULL,NULL,1,19,80663,...,GEO,44.74166667,29.86777778
2063992,26348,NULL,141,2014-09-12 01:14:21,NULL,NULL,1,20,26348,...,DB,51.36833333,5.549166667
2063992,19508,NULL,88,2014-09-12 01:16:34,NULL,NULL,1,21,19508,...,DB,48.29894218,25.95032718
2063992,4244534,NULL,70,2014-09-12 01:17:40,NULL,NULL,1,22,4244534,...,GEO,28.66055556,33.47944444
2063992,22905,NULL,47,2014-09-12 01:19:07,NULL,NULL,1,23,22905,...,DB,51.19305556,13.85
2063992,1096793,NULL,35,2014-09-12 01:20:06,NULL,NULL,1,24,1096793,...,GEO,46.08055556,6.042777778
2063992,80668,NULL,15,2014-09-12 01:21:52,NULL,NULL,1,25,80668,...,GEO,45.74916667,30.44555556
2063992,80669,NULL,10,2014-09-12 01:22:23,NULL,NULL,1,26,80669,...,GEO,46.26222222,30.59777778
2063992,62435,NULL,5,2014-09-12 01:22:54,NULL,NULL,1,27,62435,...,GEO,56.77944444,13.39194444
2063992,1351,NULL,0,2014-09-12 01:23:01,NULL,NULL,1,28,1351,...,A,63.4575,10.92416667
2096897,3753,NULL,0,2014-09-12 00:38:00,NULL,NULL,1,1,3753,...,A,47.15,0.712777778
2096897,42232,NULL,15,2014-09-12 00:38:15,NULL,NULL,1,2,42232,...,GEO,11.97444444,42.96305556
2096897,42741,NULL,20,2014-09-12 00:38:25,NULL,NULL,1,3,42741,...,GEO,50.48222222,-1.950277778
2096897,23840,NULL,50,2014-09-12 00:39:17,NULL,NULL,1,4,23840,...,DB,51.38444444,0.631111111
2096897,12235,NULL,73,2014-09-12 00:39:53,NULL,NULL,1,5,12235,...,DB,44.37055556,17.75972222
2096897,13472,NULL,96,2014-09-12 00:40:28,NULL,NULL,1,6,13472,...,DB,52.03388889,20.30944444
2096897,393304,NULL,150,2014-09-12 00:42:04,NULL,NULL,1,7,393304,...,GEO,55.05583333,24.92527778
2096897,554194,NULL,180,2014-09-12 00:43:06,NULL,NULL,1,8,554194,...,GEO,51.03527778,13.6275
2096897,19733,NULL,180,2014-09-12 00:44:03,NULL,NULL,1,9,19733,...,DB,46.73416667,28.5075
2096897,25020,NULL,180,2014-09-12 00:51:40,NULL,NULL,1,10,25020,...,DB,37.65194444,-3.628888889
2096897,375335,NULL,190,2014-09-12 00:52:00,NULL,NULL,1,11,375335,...,GEO,54.91138889,23.81027778
2096897,32366,NULL,190,2014-09-12 01:05:30,NULL,NULL,1,12,32366,...,DB,51.65416667,1.9125
2096897,817379,NULL,190,2014-09-12 01:07:16,NULL,NULL,1,13,817379,...,GEO,39.95555556,-75.07694444
2096897,26871,NULL,165,2014-09-12 01:08:17,NULL,NULL,1,14,26871,...,DB,40.66138889,22.6475
2096897,41304,NULL,160,2014-09-12 01:08:29,NULL,NULL,1,15,41304,...,GEO,45.41277778,10.35
2096897,41305,NULL,160,2014-09-12 01:09:09,NULL,NULL,1,16,41305,...,GEO,45.40444444,10.36
2096897,24008,NULL,155,2014-09-12 01:09:22,NULL,NULL,1,17,24008,...,DB,52.73944444,5.270555556
2096897,63631,NULL,150,2014-09-12 01:09:35,NULL,NULL,1,18,63631,...,GEO,47.67527778,9.521666667
2096897,80663,NULL,150,2014-09-12 01:13:58,NULL,NULL,1,19,80663,...,GEO,44.74166667,29.86777778
2096897,26348,NULL,141,2014-09-12 01:14:21,NULL,NULL,1,20,26348,...,DB,51.36833333,5.549166667
2096897,19508,NULL,88,2014-09-12 01:16:34,NULL,NULL,1,21,19508,...,DB,48.29894218,25.95032718
2096897,4244534,NULL,70,2014-09-12 01:17:40,NULL,NULL,1,22,4244534,...,GEO,28.66055556,33.47944444
2096897,22905,NULL,47,2014-09-12 01:19:07,NULL,NULL,1,23,22905,...,DB,51.19305556,13.85
2096897,1096793,NULL,35,2014-09-12 01:20:06,NULL,NULL,1,24,1096793,...,GEO,46.08055556,6.042777778
2096897,80668,NULL,15,2014-09-12 01:21:52,NULL,NULL,1,25,80668,...,GEO,45.74916667,30.44555556
2096897,80669,NULL,10,2014-09-12 01:22:23,NULL,NULL,1,26,80669,...,GEO,46.26222222,30.59777778
2096897,62435,NULL,5,2014-09-12 01:22:54,NULL,NULL,1,27,62435,...,GEO,56.77944444,13.39194444
2096897,1351,NULL,0,2014-09-12 01:23:01,NULL,NULL,1,28,1351,...,A,63.4575,10.92416667
2129802,3753,NULL,0,2014-09-12 00:24:00,NULL,NULL,1,1,3753,...,A,47.15,0.712777778
2129802,42232,NULL,15,2014-09-12 00:24:17,NULL,NULL,1,2,42232,...,GEO,11.97444444,42.96305556
2129802,42742,NULL,35,2014-09-12 00:24:59,NULL,NULL,1,3,42742,...,GEO,50.29972222,-2.044722222
2129802,23840,NULL,50,2014-09-12 00:25:26,NULL,NULL,1,4,23840,...,DB,51.38444444,0.631111111
2129802,489299,NULL,60,2014-09-12 00:25:43,NULL,NULL,1,5,489299,...,GEO,41.18055556,22.92055556
2129802,12235,NULL,75,2014-09-12 00:26:08,NULL,NULL,1,6,12235,...,DB,44.37055556,17.75972222
2129802,42234,NULL,90,2014-09-12 00:26:28,NULL,NULL,1,7,42234,...,GEO,11.84388889,43.02583333
2129802,13472,NULL,106,2014-09-12 00:26:52,NULL,NULL,1,8,13472,...,DB,52.03388889,20.30944444
2129802,2534576,NULL,137,2014-09-12 00:27:39,NULL,NULL,1,9,2534576,...,GEO,45.12194444,-0.301111111
2129802,489300,NULL,150,2014-09-12 00:28:05,NULL,NULL,1,10,489300,...,GEO,41.24,22.86888889
2129802,554193,NULL,162,2014-09-12 00:28:30,NULL,NULL,1,11,554193,...,GEO,50.99555556,13.57055556
2129802,2964365,NULL,208,2014-09-12 00:30:37,NULL,NULL,1,12,2964365,...,GEO,58.51027778,53.10305556
2129802,19733,NULL,218,2014-09-12 00:30:59,NULL,NULL,1,13,19733,...,DB,46.73416667,28.5075
2129802,14360020,NULL,233,2014-09-12 00:31:31,NULL,NULL,1,14,14360020,...,GEO,48.41777778,11.51805556
2129802,14360021,NULL,250,2014-09-12 00:32:00,NULL,NULL,1,15,14360021,...,GEO,48.38472222,11.62916667
2129802,14360022,NULL,270,2014-09-12 00:32:42,NULL,NULL,1,16,14360022,...,GEO,49.8825,-1.591666667
2129802,14360023,NULL,292,2014-09-12 00:33:37,NULL,NULL,1,17,14360023,...,GEO,50.02972222,-1.522777778
2129802,14360024,NULL,300,2014-09-12 00:34:29,NULL,NULL,1,18,14360024,...,GEO,50.11611111,-1.482222222
2129802,14360025,NULL,300,2014-09-12 00:39:30,NULL,NULL,1,19,14360025,...,GEO,50.13333333,-1.474166667
2129802,14360026,NULL,300,2014-09-12 00:45:31,NULL,NULL,1,20,14360026,...,GEO,50.23722222,-1.425277778
2129802,14360027,NULL,300,2014-09-12 00:46:08,NULL,NULL,1,21,14360027,...,GEO,50.26361111,-1.416666667
2129802,14360028,NULL,294,2014-09-12 00:46:24,NULL,NULL,1,22,14360028,...,GEO,50.35222222,-1.388055556
2129802,14360029,NULL,294,2014-09-12 00:46:35,NULL,NULL,1,23,14360029,...,GEO,50.39666667,-1.373611111
2129802,2492007,NULL,270,2014-09-12 00:47:53,NULL,NULL,1,24,2492007,...,GEO,44.52388889,12.08305556
2129802,4854074,NULL,243,2014-09-12 00:49:23,NULL,NULL,1,25,4854074,...,GEO,56.77388889,17.86444444
2129802,6020541,NULL,230,2014-09-12 00:49:30,NULL,NULL,1,26,6020541,...,GEO,49.3775,11.76166667
2129802,4854075,NULL,210,2014-09-12 00:49:43,NULL,NULL,1,27,4854075,...,GEO,47.18861111,14.12666667
2129802,32366,NULL,195,2014-09-12 00:49:52,NULL,NULL,1,28,32366,...,DB,51.65416667,1.9125
2129802,404381,NULL,190,2014-09-12 00:50:09,NULL,NULL,1,29,404381,...,GEO,51.85277778,0.126944444
2129802,375339,NULL,190,2014-09-12 00:52:01,NULL,NULL,1,30,375339,...,GEO,54.95472222,23.92833333
2129802,563407,NULL,180,2014-09-12 00:52:31,NULL,NULL,1,31,563407,...,GEO,51.24305556,0.470555556
2129802,371054,NULL,180,2014-09-12 00:52:43,NULL,NULL,1,32,371054,...,GEO,44.21638889,26.43222222
2129802,371055,NULL,170,2014-09-12 00:53:16,NULL,NULL,1,33,371055,...,GEO,44.30972222,26.35583333
2129802,26871,NULL,165,2014-09-12 00:53:33,NULL,NULL,1,34,26871,...,DB,40.66138889,22.6475
2129802,41304,NULL,160,2014-09-12 00:53:50,NULL,NULL,1,35,41304,...,GEO,45.41277778,10.35
2129802,388502,NULL,160,2014-09-12 00:54:41,NULL,NULL,1,36,388502,...,GEO,47.67416667,6.626111111
2129802,24008,NULL,155,2014-09-12 00:55:06,NULL,NULL,1,37,24008,...,DB,52.73944444,5.270555556
2129802,63631,NULL,150,2014-09-12 00:55:25,NULL,NULL,1,38,63631,...,GEO,47.67527778,9.521666667
2129802,460205,NULL,150,2014-09-12 01:01:03,NULL,NULL,1,39,460205,...,GEO,43.51555556,16.12722222
2129802,1536502,NULL,145,2014-09-12 01:01:22,NULL,NULL,1,40,1536502,...,GEO,48.08527778,16.01166667
2129802,26348,NULL,130,2014-09-12 01:02:20,NULL,NULL,1,41,26348,...,DB,51.36833333,5.549166667
2129802,1342525,NULL,110,2014-09-12 01:03:41,NULL,NULL,1,42,1342525,...,GEO,35.29472222,-1.148333333
2129802,80664,NULL,102,2014-09-12 01:04:13,NULL,NULL,1,43,80664,...,GEO,44.89805556,29.98916667
2129802,19508,NULL,102,2014-09-12 01:04:58,NULL,NULL,1,44,19508,...,DB,48.29894218,25.95032718
2129802,244007,NULL,102,2014-09-12 01:05:01,NULL,NULL,1,45,244007,...,GEO,40.35555556,33.44222222
2129802,8527746,NULL,90,2014-09-12 01:05:20,NULL,NULL,1,46,8527746,...,GEO,51.47083333,-1.512222222
2129802,22905,NULL,61,2014-09-12 01:06:26,NULL,NULL,1,47,22905,...,DB,51.19305556,13.85
2129802,14360030,NULL,43,2014-09-12 01:07:11,NULL,NULL,1,48,14360030,...,GEO,50.88416667,-0.723333333
2129802,14360031,NULL,39,2014-09-12 01:10:14,NULL,NULL,1,49,14360031,...,GEO,50.935,-0.665277778
2129802,14360032,NULL,35,2014-09-12 01:10:50,NULL,NULL,1,50,14360032,...,GEO,51.06527778,-0.515555556
2129802,14360033,NULL,25,2014-09-12 01:12:26,NULL,NULL,1,51,14360033,...,GEO,51.11611111,-0.457222222
2129802,14360034,NULL,20,2014-09-12 01:13:12,NULL,NULL,1,52,14360034,...,GEO,28.51277778,-16.43472222
2129802,14360035,NULL,20,2014-09-12 01:13:19,NULL,NULL,1,53,14360035,...,GEO,28.51944444,-16.45444444
2129802,8580464,NULL,5,2014-09-12 01:14:56,NULL,NULL,1,54,8580464,...,GEO,45.2725,8.525833333
2129802,1351,NULL,0,2014-09-12 01:15:03,NULL,NULL,1,55,1351,...,A,63.4575,10.92416667
2064782,7763,NULL,0,2014-09-12 01:00:00,NULL,NULL,1,1,7763,...,A,47.98888889,10.23944444
2064782,82238,NULL,5,2014-09-12 01:00:10,NULL,NULL,1,2,82238,...,GEO,48.27305556,14.35388889
2064782,82239,NULL,10,2014-09-12 01:00:23,NULL,NULL,1,3,82239,...,GEO,48.29333333,14.44333333
2064782,82240,NULL,50,2014-09-12 01:01:54,NULL,NULL,1,4,82240,...,GEO,48.34555556,14.67305556
2064782,82241,NULL,90,2014-09-12 01:03:09,NULL,NULL,1,5,82241,...,GEO,48.37472222,14.80083333
2064782,21028,NULL,115,2014-09-12 01:03:58,NULL,NULL,1,6,21028,...,DB,43.33361111,28.55638889
2064782,82242,NULL,130,2014-09-12 01:04:28,NULL,NULL,1,7,82242,...,GEO,48.48305556,16.07194444
2064782,82243,NULL,170,2014-09-12 01:05:59,NULL,NULL,1,8,82243,...,GEO,48.44027778,16.15138889
2064782,82244,NULL,180,2014-09-12 01:06:25,NULL,NULL,1,9,82244,...,GEO,48.39194444,16.2125
2064782,25555,NULL,180,2014-09-12 01:07:13,NULL,NULL,1,10,25555,...,DB,52.17277778,4.725555556
2064782,82245,NULL,180,2014-09-12 01:14:07,NULL,NULL,1,11,82245,...,GEO,49.20277778,-2.178333333
2064782,82246,NULL,170,2014-09-12 01:14:36,NULL,NULL,1,12,82246,...,GEO,49.20027778,-2.169722222
2064782,82247,NULL,150,2014-09-12 01:15:35,NULL,NULL,1,13,82247,...,GEO,49.195,-2.1525
2064782,82248,NULL,90,2014-09-12 01:18:40,NULL,NULL,1,14,82248,...,GEO,49.19222222,-2.143888889
2064782,82249,NULL,70,2014-09-12 01:20:04,NULL,NULL,1,15,82249,...,GEO,49.18166667,-2.109444444
2064782,82250,NULL,50,2014-09-12 01:21:31,NULL,NULL,1,16,82250,...,GEO,49.16861111,-2.066388889
2064782,13497,NULL,48,2014-09-12 01:21:41,NULL,NULL,1,17,13497,...,DB,56.02138889,33.43111111
2064782,82251,NULL,35,2014-09-12 01:22:50,NULL,NULL,1,18,82251,...,GEO,48.89638889,-1.456666667
2064782,82252,NULL,20,2014-09-12 01:24:15,NULL,NULL,1,19,82252,...,GEO,48.89027778,-1.333333333
2064782,512,NULL,0,2014-09-12 01:26:29,NULL,NULL,1,20,512,...,A,16.5,76
2097687,7763,NULL,0,2014-09-12 01:00:00,NULL,NULL,1,1,7763,...,A,47.98888889,10.23944444
2097687,82238,NULL,5,2014-09-12 01:00:10,NULL,NULL,1,2,82238,...,GEO,48.27305556,14.35388889
2097687,82239,NULL,10,2014-09-12 01:00:23,NULL,NULL,1,3,82239,...,GEO,48.29333333,14.44333333
2097687,82240,NULL,50,2014-09-12 01:01:54,NULL,NULL,1,4,82240,...,GEO,48.34555556,14.67305556
2097687,82241,NULL,90,2014-09-12 01:03:09,NULL,NULL,1,5,82241,...,GEO,48.37472222,14.80083333
2097687,21028,NULL,115,2014-09-12 01:03:58,NULL,NULL,1,6,21028,...,DB,43.33361111,28.55638889
2097687,82242,NULL,130,2014-09-12 01:04:28,NULL,NULL,1,7,82242,...,GEO,48.48305556,16.07194444
2097687,82243,NULL,170,2014-09-12 01:05:59,NULL,NULL,1,8,82243,...,GEO,48.44027778,16.15138889
2097687,82244,NULL,180,2014-09-12 01:06:25,NULL,NULL,1,9,82244,...,GEO,48.39194444,16.2125
2097687,25555,NULL,180,2014-09-12 01:07:13,NULL,NULL,1,10,25555,...,DB,52.17277778,4.725555556
2097687,82245,NULL,180,2014-09-12 01:14:07,NULL,NULL,1,11,82245,...,GEO,49.20277778,-2.178333333
2097687,82246,NULL,170,2014-09-12 01:14:36,NULL,NULL,1,12,82246,...,GEO,49.20027778,-2.169722222
2097687,82247,NULL,150,2014-09-12 01:15:35,NULL,NULL,1,13,82247,...,GEO,49.195,-2.1525
2097687,82248,NULL,90,2014-09-12 01:18:40,NULL,NULL,1,14,82248,...,GEO,49.19222222,-2.143888889
2097687,82249,NULL,70,2014-09-12 01:20:04,NULL,NULL,1,15,82249,...,GEO,49.18166667,-2.109444444
2097687,82250,NULL,50,2014-09-12 01:21:31,NULL,NULL,1,16,82250,...,GEO,49.16861111,-2.066388889
2097687,13497,NULL,48,2014-09-12 01:21:41,NULL,NULL,1,17,13497,...,DB,56.02138889,33.43111111
2097687,82251,NULL,35,2014-09-12 01:22:50,NULL,NULL,1,18,82251,...,GEO,48.89638889,-1.456666667
2097687,82252,NULL,20,2014-09-12 01:24:15,NULL,NULL,1,19,82252,...,GEO,48.89027778,-1.333333333
2097687,512,NULL,0,2014-09-12 01:26:29,NULL,NULL,1,20,512,...,A,16.5,76
2130592,7763,NULL,0,2014-09-12 00:45:24,NULL,NULL,1,1,7763,...,A,47.98888889,10.23944444
2130592,259426,NULL,5,2014-09-12 00:45:32,NULL,NULL,1,2,259426,...,GEO,45.91777778,0.490833333
2130592,397612,NULL,20,2014-09-12 00:46:04,NULL,NULL,1,3,397612,...,GEO,50.38805556,3.263888889
2130592,1354235,NULL,20,2014-09-12 00:46:18,NULL,NULL,1,4,1354235,...,GEO,54.91611111,-4.424444444
2130592,4353788,NULL,35,2014-09-12 00:46:46,NULL,NULL,1,5,4353788,...,GEO,56.89638889,11.60083333
2130592,6863569,NULL,50,2014-09-12 00:47:14,NULL,NULL,1,6,6863569,...,GEO,39.19138889,11.64138889
2130592,6863570,NULL,70,2014-09-12 00:47:46,NULL,NULL,1,7,6863570,...,GEO,39.28666667,11.53388889
2130592,5008723,NULL,90,2014-09-12 00:48:21,NULL,NULL,1,8,5008723,...,GEO,51.40805556,3.000555556
2130592,18917,NULL,110,2014-09-12 00:48:57,NULL,NULL,1,9,18917,...,DB,41.13527778,-4.267222222
2130592,6863571,NULL,130,2014-09-12 00:49:32,NULL,NULL,1,10,6863571,...,GEO,39.36833333,11.44166667
2130592,9237303,NULL,180,2014-09-12 00:51:29,NULL,NULL,1,12,9237303,...,GEO,46.97888889,10.96416667
2130592,2014618,NULL,180,2014-09-12 00:56:15,NULL,NULL,1,13,2014618,...,GEO,40.27916667,4.188333333
2130592,5008724,NULL,170,2014-09-12 00:56:44,NULL,NULL,1,14,5008724,...,GEO,51.43972222,3.071111111
2130592,1482256,NULL,150,2014-09-12 00:57:43,NULL,NULL,1,15,1482256,...,GEO,28.08277778,-14.93305556
2130592,20959,NULL,112,2014-09-12 00:59:40,NULL,NULL,1,16,20959,...,DB,37.97055556,20.0075
2130592,14374862,NULL,90,2014-09-12 01:00:48,NULL,NULL,1,17,14374862,...,GEO,59.07222222,10.64444444
2130592,14374863,NULL,81,2014-09-12 01:01:26,NULL,NULL,1,18,14374863,...,GEO,58.40222222,10.19444444
2130592,14374864,NULL,70,2014-09-12 01:02:04,NULL,NULL,1,19,14374864,...,GEO,57.65,9.801666667
2130592,14374865,NULL,50,2014-09-12 01:03:15,NULL,NULL,1,20,14374865,...,GEO,56.93972222,9.441111111
2130592,14374866,NULL,35,2014-09-12 01:04:21,NULL,NULL,1,21,14374866,...,GEO,56.63638889,9.287222222
2130592,14374867,NULL,34,2014-09-12 01:04:25,NULL,NULL,1,22,14374867,...,GEO,56.58444444,9.260833333
2130592,14374868,NULL,34,2014-09-12 01:04:53,NULL,NULL,1,23,14374868,...,GEO,56.43722222,9.186111111
2130592,14374869,NULL,20,2014-09-12 01:06:10,NULL,NULL,1,24,14374869,...,GEO,56.36805556,9.150833333
2130592,14374870,NULL,10,2014-09-12 01:07:28,NULL,NULL,1,25,14374870,...,GEO,56.28138889,9.106944444
2130592,14374871,NULL,10,2014-09-12 01:07:37,NULL,NULL,1,26,14374871,...,GEO,56.11666667,9.023333333
2130592,512,NULL,0,2014-09-12 01:08:35,NULL,NULL,1,27,512,...,A,16.5,76
2065748,7223,NULL,0,2014-09-12 13:15:00,NULL,NULL,1,1,7223,...,A,45.53111111,8.665277778
2065748,107111,NULL,35,2014-09-12 13:15:36,NULL,NULL,1,2,107111,...,GEO,42.00333333,35.39083333
2065748,107112,NULL,50,2014-09-12 13:16:07,NULL,NULL,1,3,107112,...,GEO,41.10638889,47.65833333
2065748,107113,NULL,90,2014-09-12 13:17:34,NULL,NULL,1,4,107113,...,GEO,41.07277778,47.81944444
2065748,19040,NULL,115,2014-09-12 13:18:38,NULL,NULL,1,5,19040,...,DB,40.5,2.7025
2065748,107114,NULL,130,2014-09-12 13:19:19,NULL,NULL,1,6,107114,...,GEO,41.05277778,47.91111111
2065748,107115,NULL,170,2014-09-12 13:21:29,NULL,NULL,1,7,107115,...,GEO,41.01694444,48.05888889
2065748,107116,NULL,190,2014-09-12 13:22:40,NULL,NULL,1,8,107116,...,GEO,40.96722222,48.26361111
2065748,107117,NULL,210,2014-09-12 13:24:00,NULL,NULL,1,9,107117,...,GEO,40.93138889,48.41166667
2065748,107118,NULL,230,2014-09-12 13:25:29,NULL,NULL,1,10,107118,...,GEO,40.90111111,48.53666667
2065748,107119,NULL,270,2014-09-12 13:28:14,NULL,NULL,1,11,107119,...,GEO,40.84333333,48.77555556
2065748,107120,NULL,290,2014-09-12 13:29:34,NULL,NULL,1,12,107120,...,GEO,40.77166667,49.07138889
2065748,22185,NULL,290,2014-09-12 13:42:14,NULL,NULL,1,13,22185,...,DB,51.63055556,16.12861111
2065748,20785,NULL,290,2014-09-12 13:54:53,NULL,NULL,1,14,20785,...,DB,69.28638889,16.14444444
2065748,107121,NULL,270,2014-09-12 13:55:28,NULL,NULL,1,15,107121,...,GEO,40.66333333,49.44972222
2065748,107122,NULL,250,2014-09-12 13:56:05,NULL,NULL,1,16,107122,...,GEO,40.62111111,49.58111111
2065748,107123,NULL,230,2014-09-12 13:56:42,NULL,NULL,1,17,107123,...,GEO,40.57527778,49.72333333
2065748,98414,NULL,230,2014-09-12 13:57:54,NULL,NULL,1,18,98414,...,GEO,49.64055556,8.522222222
2065748,107124,NULL,210,2014-09-12 13:58:32,NULL,NULL,1,19,107124,...,GEO,40.51194444,49.92
2065748,107125,NULL,170,2014-09-12 13:59:50,NULL,NULL,1,20,107125,...,GEO,42.57361111,21.03444444
2065748,107126,NULL,150,2014-09-12 14:00:31,NULL,NULL,1,21,107126,...,GEO,42.5725,21.03166667
2065748,22237,NULL,125,2014-09-12 14:01:24,NULL,NULL,1,22,22237,...,DB,55.74944444,8.098611111
2065748,107127,NULL,110,2014-09-12 14:01:56,NULL,NULL,1,23,107127,...,GEO,42.51083333,21.01361111
2065748,9537,NULL,90,2014-09-12 14:02:35,NULL,NULL,1,24,9537,...,DB,52.36777778,3.857222222
2065748,98419,NULL,70,2014-09-12 14:03:49,NULL,NULL,1,25,98419,...,GEO,46.53833333,10.73916667
2065748,21089,NULL,63,2014-09-12 14:04:14,NULL,NULL,1,26,21089,...,DB,27.36027778,-13.7025
2065748,98420,NULL,50,2014-09-12 14:05:05,NULL,NULL,1,27,98420,...,GEO,46.50305556,10.75083333
2065748,98421,NULL,25,2014-09-12 14:07:05,NULL,NULL,1,28,98421,...,GEO,46.37916667,10.79111111
2065748,76061,NULL,20,2014-09-12 14:07:39,NULL,NULL,1,29,76061,...,GEO,38.65222222,-9.202222222
2065748,98422,NULL,10,2014-09-12 14:09:01,NULL,NULL,1,30,98422,...,GEO,45.90805556,10.82805556
2065748,73151,NULL,5,2014-09-12 14:09:43,NULL,NULL,1,31,73151,...,GEO,52.06638889,0.0275
2065748,5439,NULL,0,2014-09-12 14:09:52,NULL,NULL,1,32,5439,...,A,31.94805556,-4.400555556
2098653,7223,NULL,0,2014-09-12 13:15:00,NULL,NULL,1,1,7223,...,A,45.53111111,8.665277778
2098653,107111,NULL,35,2014-09-12 13:15:36,NULL,NULL,1,2,107111,...,GEO,42.00333333,35.39083333
2098653,107112,NULL,50,2014-09-12 13:16:07,NULL,NULL,1,3,107112,...,GEO,41.10638889,47.65833333
2098653,107113,NULL,90,2014-09-12 13:17:34,NULL,NULL,1,4,107113,...,GEO,41.07277778,47.81944444
2098653,19040,NULL,115,2014-09-12 13:18:38,NULL,NULL,1,5,19040,...,DB,40.5,2.7025
2098653,107114,NULL,130,2014-09-12 13:19:19,NULL,NULL,1,6,107114,...,GEO,41.05277778,47.91111111
2098653,107115,NULL,170,2014-09-12 13:21:29,NULL,NULL,1,7,107115,...,GEO,41.01694444,48.05888889
2098653,107116,NULL,190,2014-09-12 13:22:40,NULL,NULL,1,8,107116,...,GEO,40.96722222,48.26361111
2098653,107117,NULL,210,2014-09-12 13:24:00,NULL,NULL,1,9,107117,...,GEO,40.93138889,48.41166667
2098653,107118,NULL,230,2014-09-12 13:25:29,NULL,NULL,1,10,107118,...,GEO,40.90111111,48.53666667
2098653,107119,NULL,270,2014-09-12 13:28:14,NULL,NULL,1,11,107119,...,GEO,40.84333333,48.77555556
2098653,107120,NULL,290,2014-09-12 13:29:34,NULL,NULL,1,12,107120,...,GEO,40.77166667,49.07138889
2098653,22185,NULL,290,2014-09-12 13:42:14,NULL,NULL,1,13,22185,...,DB,51.63055556,16.12861111
2098653,20785,NULL,290,2014-09-12 13:54:53,NULL,NULL,1,14,20785,...,DB,69.28638889,16.14444444
2098653,107121,NULL,270,2014-09-12 13:55:28,NULL,NULL,1,15,107121,...,GEO,40.66333333,49.44972222
2098653,107122,NULL,250,2014-09-12 13:56:05,NULL,NULL,1,16,107122,...,GEO,40.62111111,49.58111111
2098653,107123,NULL,230,2014-09-12 13:56:42,NULL,NULL,1,17,107123,...,GEO,40.57527778,49.72333333
2098653,98414,NULL,230,2014-09-12 13:57:54,NULL,NULL,1,18,98414,...,GEO,49.64055556,8.522222222
2098653,107124,NULL,210,2014-09-12 13:58:32,NULL,NULL,1,19,107124,...,GEO,40.51194444,49.92
2098653,107125,NULL,170,2014-09-12 13:59:50,NULL,NULL,1,20,107125,...,GEO,42.57361111,21.03444444
2098653,107126,NULL,150,2014-09-12 14:00:31,NULL,NULL,1,21,107126,...,GEO,42.5725,21.03166667
2098653,22237,NULL,125,2014-09-12 14:01:24,NULL,NULL,1,22,22237,...,DB,55.74944444,8.098611111
2098653,107127,NULL,110,2014-09-12 14:01:56,NULL,NULL,1,23,107127,...,GEO,42.51083333,21.01361111
2098653,9537,NULL,90,2014-09-12 14:02:35,NULL,NULL,1,24,9537,...,DB,52.36777778,3.857222222
2098653,98419,NULL,70,2014-09-12 14:03:49,NULL,NULL,1,25,98419,...,GEO,46.53833333,10.73916667
2098653,21089,NULL,63,2014-09-12 14:04:14,NULL,NULL,1,26,21089,...,DB,27.36027778,-13.7025
2098653,98420,NULL,50,2014-09-12 14:05:05,NULL,NULL,1,27,98420,...,GEO,46.50305556,10.75083333
2098653,98421,NULL,25,2014-09-12 14:07:05,NULL,NULL,1,28,98421,...,GEO,46.37916667,10.79111111
2098653,76061,NULL,20,2014-09-12 14:07:39,NULL,NULL,1,29,76061,...,GEO,38.65222222,-9.202222222
2098653,98422,NULL,10,2014-09-12 14:09:01,NULL,NULL,1,30,98422,...,GEO,45.90805556,10.82805556
2098653,73151,NULL,5,2014-09-12 14:09:43,NULL,NULL,1,31,73151,...,GEO,52.06638889,0.0275
2098653,5439,NULL,0,2014-09-12 14:09:52,NULL,NULL,1,32,5439,...,A,31.94805556,-4.400555556
2131558,7223,NULL,0,2014-09-12 13:11:00,NULL,NULL,1,1,7223,...,A,45.53111111,8.665277778
2131558,107111,NULL,35,2014-09-12 13:11:42,NULL,NULL,1,2,107111,...,GEO,42.00333333,35.39083333
2131558,295203,NULL,42,2014-09-12 13:11:58,NULL,NULL,1,3,295203,...,GEO,60.27083333,25.10861111
2131558,107112,NULL,50,2014-09-12 13:12:19,NULL,NULL,1,4,107112,...,GEO,41.10638889,47.65833333
2131558,263535,NULL,50,2014-09-12 13:12:28,NULL,NULL,1,5,263535,...,GEO,49.62833333,18.17666667
2131558,263536,NULL,70,2014-09-12 13:13:18,NULL,NULL,1,6,263536,...,GEO,49.71166667,18.25694444
2131558,220696,NULL,70,2014-09-12 13:13:35,NULL,NULL,1,7,220696,...,GEO,42.13916667,15.36361111
2131558,107069,NULL,75,2014-09-12 13:13:51,NULL,NULL,1,8,107069,...,GEO,50.78611111,-0.3375
2131558,220697,NULL,90,2014-09-12 13:14:22,NULL,NULL,1,9,220697,...,GEO,51.97777778,4.766666667
2131558,217220,NULL,90,2014-09-12 13:14:29,NULL,NULL,1,10,217220,...,GEO,44.55222222,-5.865
2131558,19040,NULL,105,2014-09-12 13:15:02,NULL,NULL,1,11,19040,...,DB,40.5,2.7025
2131558,277335,NULL,110,2014-09-12 13:15:13,NULL,NULL,1,12,277335,...,GEO,51.57722222,29.46277778
2131558,263538,NULL,110,2014-09-12 13:15:51,NULL,NULL,1,13,263538,...,GEO,44.14777778,11.75111111
2131558,1132017,NULL,120,2014-09-12 13:16:23,NULL,NULL,1,14,1132017,...,GEO,57.22416667,9.656666667
2131558,1083837,NULL,120,2014-09-12 13:16:44,NULL,NULL,1,15,1083837,...,GEO,53.96194444,25.50083333
2131558,264046,NULL,130,2014-09-12 13:17:12,NULL,NULL,1,16,264046,...,GEO,48.16833333,8.007777778
2131558,1195527,NULL,140,2014-09-12 13:17:45,NULL,NULL,1,17,1195527,...,GEO,41.08361111,9.209444444
2131558,263539,NULL,140,2014-09-12 13:17:57,NULL,NULL,1,18,263539,...,GEO,46.11,14.84833333
2131558,904858,NULL,150,2014-09-12 13:18:28,NULL,NULL,1,19,904858,...,GEO,28.10305556,-15.41972222
2131558,525821,NULL,150,2014-09-12 13:18:39,NULL,NULL,1,20,525821,...,GEO,49.86611111,11.61
2131558,1206719,NULL,160,2014-09-12 13:19:13,NULL,NULL,1,21,1206719,...,GEO,48.34638889,18.28916667
2131558,220699,NULL,160,2014-09-12 13:19:40,NULL,NULL,1,22,220699,...,GEO,52.24,3.969166667
2131558,1083840,NULL,170,2014-09-12 13:20:16,NULL,NULL,1,23,1083840,...,GEO,54.22472222,25.40277778
2131558,1140362,NULL,170,2014-09-12 13:20:34,NULL,NULL,1,24,1140362,...,GEO,40.07805556,10.42722222
2131558,220700,NULL,180,2014-09-12 13:21:10,NULL,NULL,1,25,220700,...,GEO,52.21055556,3.894444444
2131558,265964,NULL,180,2014-09-12 13:21:21,NULL,NULL,1,26,265964,...,GEO,49.85694444,7.048333333
2131558,1081749,NULL,210,2014-09-12 13:23:39,NULL,NULL,1,27,1081749,...,GEO,57.27277778,16.12416667
2131558,263541,NULL,230,2014-09-12 13:25:25,NULL,NULL,1,28,263541,...,GEO,45.96138889,4.935277778
2131558,1895202,NULL,270,2014-09-12 13:28:38,NULL,NULL,1,29,1895202,...,GEO,40.41388889,-3.525833333
2131558,1315291,NULL,290,2014-09-12 13:30:12,NULL,NULL,1,30,1315291,...,GEO,34.51583333,13.46055556
2131558,275562,NULL,290,2014-09-12 13:32:46,NULL,NULL,1,31,275562,...,GEO,40.88083333,114.8833333
2131558,22185,NULL,290,2014-09-12 13:41:06,NULL,NULL,1,32,22185,...,DB,51.63055556,16.12861111
2131558,8309808,NULL,290,2014-09-12 13:46:14,NULL,NULL,1,33,8309808,...,GEO,55.02638889,23.60944444
2131558,7510276,NULL,274,2014-09-12 13:46:40,NULL,NULL,1,34,7510276,...,GEO,44.81583333,20.46583333
2131558,7702494,NULL,274,2014-09-12 13:48:00,NULL,NULL,1,35,7702494,...,GEO,69.30305556,18.15277778
2131558,7728005,NULL,270,2014-09-12 13:48:08,NULL,NULL,1,36,7728005,...,GEO,48.62666667,17.86888889
2131558,7833080,NULL,254,2014-09-12 13:48:40,NULL,NULL,1,37,7833080,...,GEO,52.65,5.266666667
2131558,8007788,NULL,254,2014-09-12 13:49:58,NULL,NULL,1,38,8007788,...,GEO,49.27027778,8.979444444
2131558,8228421,NULL,250,2014-09-12 13:50:06,NULL,NULL,1,39,8228421,...,GEO,39.88416667,19.69416667
2131558,108154,NULL,234,2014-09-12 13:50:40,NULL,NULL,1,40,108154,...,GEO,37.37222222,27.5475
2131558,7353640,NULL,234,2014-09-12 13:50:53,NULL,NULL,1,41,7353640,...,GEO,51.98111111,-1.847222222
2131558,8763429,NULL,230,2014-09-12 13:51:02,NULL,NULL,1,42,8763429,...,GEO,45.72388889,8.663611111
2131558,7510281,NULL,213,2014-09-12 13:51:40,NULL,NULL,1,43,7510281,...,GEO,47.56555556,8.7075
2131558,7710846,NULL,213,2014-09-12 13:51:52,NULL,NULL,1,44,7710846,...,GEO,48.58638889,8.529166667
2131558,7702501,NULL,189,2014-09-12 13:52:40,NULL,NULL,1,45,7702501,...,GEO,69.63666667,18.88916667
2131558,7510282,NULL,189,2014-09-12 13:52:59,NULL,NULL,1,46,7510282,...,GEO,47.56416667,8.654722222
2131558,31953,NULL,181,2014-09-12 13:53:16,NULL,NULL,1,47,31953,...,DB,71.03024075,27.83385522
2131558,7702502,NULL,170,2014-09-12 13:53:40,NULL,NULL,1,48,7702502,...,GEO,69.64555556,18.895
2131558,18539,NULL,169,2014-09-12 13:54:21,NULL,NULL,1,49,18539,...,DB,62.39305556,5.768888889
2131558,7362504,NULL,160,2014-09-12 13:54:40,NULL,NULL,1,50,7362504,...,GEO,36.13277778,-79.93361111
2131558,8000566,NULL,160,2014-09-12 13:55:17,NULL,NULL,1,51,8000566,...,GEO,41.87916667,-2.421944444
2131558,7697815,NULL,152,2014-09-12 13:55:35,NULL,NULL,1,52,7697815,...,GEO,48.9125,3.402222222
2131558,7710849,NULL,152,2014-09-12 13:56:18,NULL,NULL,1,53,7710849,...,GEO,48.38611111,8.458611111
2131558,7702507,NULL,150,2014-09-12 13:56:21,NULL,NULL,1,54,7702507,...,GEO,50.14083333,30.71083333
2131558,171926,NULL,140,2014-09-12 13:56:40,NULL,NULL,1,55,171926,...,GEO,44.64861111,8.231944444
2131558,7510286,NULL,140,2014-09-12 13:57:33,NULL,NULL,1,56,7510286,...,GEO,47.56,8.483333333
2131558,108156,NULL,130,2014-09-12 13:57:55,NULL,NULL,1,57,108156,...,GEO,37.79305556,27.29611111
2131558,7510287,NULL,120,2014-09-12 13:58:16,NULL,NULL,1,58,7510287,...,GEO,47.55888889,8.443611111
2131558,6803421,NULL,120,2014-09-12 13:58:46,NULL,NULL,1,59,6803421,...,GEO,41.52583333,-72.32277778
2131558,7510289,NULL,110,2014-09-12 13:59:07,NULL,NULL,1,60,7510289,...,GEO,39.86555556,-75.21055556
2131558,7715095,NULL,105,2014-09-12 13:59:18,NULL,NULL,1,61,7715095,...,GEO,45.1375,23.94361111
2131558,22237,NULL,105,2014-09-12 13:59:53,NULL,NULL,1,62,22237,...,DB,55.74944444,8.098611111
2131558,1572567,NULL,105,2014-09-12 14:00:07,NULL,NULL,1,63,1572567,...,GEO,42.35666667,9.786388889
2131558,549743,NULL,89,2014-09-12 14:00:21,NULL,NULL,1,64,549743,...,GEO,59.77027778,5.373333333
2131558,9537,NULL,84,2014-09-12 14:00:46,NULL,NULL,1,65,9537,...,DB,52.36777778,3.857222222
2131558,501735,NULL,70,2014-09-12 14:01:37,NULL,NULL,1,66,501735,...,GEO,55.72138889,12.68583333
2131558,179518,NULL,70,2014-09-12 14:01:46,NULL,NULL,1,67,179518,...,GEO,52.58666667,-1.911944444
2131558,21089,NULL,56,2014-09-12 14:02:38,NULL,NULL,1,68,21089,...,DB,27.36027778,-13.7025
2131558,7824737,NULL,47,2014-09-12 14:03:23,NULL,NULL,1,69,7824737,...,GEO,39.43027778,14.87138889
2131558,8018726,NULL,27,2014-09-12 14:05:23,NULL,NULL,1,70,8018726,...,GEO,50.66833333,15.66166667
2131558,8018727,NULL,25,2014-09-12 14:05:31,NULL,NULL,1,71,8018727,...,GEO,50.63333333,15.57972222
2131558,7655991,NULL,18,2014-09-12 14:06:25,NULL,NULL,1,72,7655991,...,GEO,39.05888889,12.80361111
2131558,7655992,NULL,10,2014-09-12 14:07:36,NULL,NULL,1,73,7655992,...,GEO,38.94972222,12.92638889
2131558,8015252,NULL,10,2014-09-12 14:08:03,NULL,NULL,1,74,8015252,...,GEO,51.25388889,-1.816388889
2131558,1121613,NULL,5,2014-09-12 14:08:40,NULL,NULL,1,75,1121613,...,GEO,69.96083333,22.47694444
2131558,5439,NULL,0,2014-09-12 14:08:48,NULL,NULL,1,76,5439,...,A,31.94805556,-4.400555556
2066297,844,NULL,0,2014-09-12 05:40:00,NULL,NULL,1,1,844,...,A,-11.41833333,130.6483333
2066297,121825,NULL,5,2014-09-12 05:40:13,NULL,NULL,1,2,121825,...,GEO,37.31444444,26.87361111
2066297,121826,NULL,25,2014-09-12 05:41:14,NULL,NULL,1,3,121826,...,GEO,37.23833333,26.905
2066297,121827,NULL,35,2014-09-12 05:41:41,NULL,NULL,1,4,121827,...,GEO,37.03555556,26.98944444
2066297,121828,NULL,50,2014-09-12 05:42:16,NULL,NULL,1,5,121828,...,GEO,36.85805556,27.06333333
2066297,121829,NULL,70,2014-09-12 05:42:59,NULL,NULL,1,6,121829,...,GEO,36.83277778,27.07388889
2066297,121830,NULL,90,2014-09-12 05:43:44,NULL,NULL,1,7,121830,...,GEO,36.81583333,27.08083333
2066297,121831,NULL,130,2014-09-12 05:45:26,NULL,NULL,1,8,121831,...,GEO,41.80527778,12.13944444
2066297,29810,NULL,133,2014-09-12 05:45:35,NULL,NULL,1,9,29810,...,DB,43.11027778,-2.510555556
2066297,122869,NULL,150,2014-09-12 05:46:23,NULL,NULL,1,10,122869,...,GEO,46.42833333,8.611388889
2066297,122870,NULL,190,2014-09-12 05:48:25,NULL,NULL,1,11,122870,...,GEO,45.76555556,8.886111111
2066297,18402,NULL,220,2014-09-12 05:50:24,NULL,NULL,1,12,18402,...,DB,68.52916667,26.84722222
2066297,21707,NULL,257,2014-09-12 05:53:30,NULL,NULL,1,13,21707,...,DB,60.32777778,11.15638889
2066297,220758,NULL,270,2014-09-12 05:54:46,NULL,NULL,1,14,220758,...,GEO,36.95416667,35.23305556
2066297,14114,NULL,296,2014-09-12 05:56:57,NULL,NULL,1,15,14114,...,DB,49.06944444,2.365
2066297,23659,NULL,314,2014-09-12 05:58:38,NULL,NULL,1,16,23659,...,DB,63.34222222,11.32138889
2066297,122872,NULL,320,2014-09-12 05:59:15,NULL,NULL,1,17,122872,...,GEO,45.62833333,9.019444444
2066297,20406,NULL,320,2014-09-12 05:59:37,NULL,NULL,1,18,20406,...,DB,50.39861111,-3.493611111
2066297,122873,NULL,320,2014-09-12 06:04:53,NULL,NULL,1,19,122873,...,GEO,45.45083333,8.996111111
2066297,9302,NULL,298,2014-09-12 06:05:36,NULL,NULL,1,20,9302,...,DB,34.84861111,-1.840555556
2066297,122874,NULL,285,2014-09-12 06:06:11,NULL,NULL,1,21,122874,...,GEO,45.35305556,8.917222222
2066297,108393,NULL,250,2014-09-12 06:07:43,NULL,NULL,1,22,108393,...,GEO,49.91722222,8.995555556
2066297,11934,NULL,240,2014-09-12 06:08:10,NULL,NULL,1,23,11934,...,DB,64.88444444,25.53166667
2066297,122875,NULL,240,2014-09-12 06:09:54,NULL,NULL,1,24,122875,...,GEO,52.56805556,13.39166667
2066297,122876,NULL,210,2014-09-12 06:11:16,NULL,NULL,1,25,122876,...,GEO,52.57861111,13.52527778
2066297,15001,NULL,204,2014-09-12 06:11:33,NULL,NULL,1,26,15001,...,DB,42.26638889,48.53861111
2066297,138663,NULL,190,2014-09-12 06:12:13,NULL,NULL,1,27,138663,...,GEO,40.8325,4.446388889
2066297,122877,NULL,170,2014-09-12 06:13:11,NULL,NULL,1,28,122877,...,GEO,52.59055556,13.7325
2066297,122878,NULL,150,2014-09-12 06:14:11,NULL,NULL,1,29,122878,...,GEO,52.10333333,14.06055556
2066297,92892,NULL,130,2014-09-12 06:15:12,NULL,NULL,1,30,92892,...,GEO,40.30277778,32.41916667
2066297,94270,NULL,90,2014-09-12 06:17:08,NULL,NULL,1,31,94270,...,GEO,53.65277778,9.971111111
2066297,92895,NULL,70,2014-09-12 06:18:50,NULL,NULL,1,32,92895,...,GEO,40.72,30.28472222
2066297,34877,NULL,61,2014-09-12 06:19:35,NULL,NULL,1,33,34877,...,DB,44.16666667,-54.88333333
2066297,122879,NULL,50,2014-09-12 06:20:35,NULL,NULL,1,34,122879,...,GEO,51.92527778,14.00777778
2066297,122880,NULL,35,2014-09-12 06:22:20,NULL,NULL,1,35,122880,...,GEO,51.55583333,13.89944444
2066297,122881,NULL,25,2014-09-12 06:23:32,NULL,NULL,1,36,122881,...,GEO,51.16638889,13.78722222
2066297,49221,NULL,20,2014-09-12 06:24:13,NULL,NULL,1,37,49221,...,GEO,28.61027778,-17.73027778
2066297,1368,NULL,0,2014-09-12 06:27:06,NULL,NULL,1,38,1368,...,A,43.32722222,25.00361111
2099202,844,NULL,0,2014-09-12 05:40:00,NULL,NULL,1,1,844,...,A,-11.41833333,130.6483333
2099202,121825,NULL,5,2014-09-12 05:40:13,NULL,NULL,1,2,121825,...,GEO,37.31444444,26.87361111
2099202,121826,NULL,25,2014-09-12 05:41:14,NULL,NULL,1,3,121826,...,GEO,37.23833333,26.905
2099202,121827,NULL,35,2014-09-12 05:41:41,NULL,NULL,1,4,121827,...,GEO,37.03555556,26.98944444
2099202,121828,NULL,50,2014-09-12 05:42:16,NULL,NULL,1,5,121828,...,GEO,36.85805556,27.06333333
2099202,121829,NULL,70,2014-09-12 05:42:59,NULL,NULL,1,6,121829,...,GEO,36.83277778,27.07388889
2099202,121830,NULL,90,2014-09-12 05:43:44,NULL,NULL,1,7,121830,...,GEO,36.81583333,27.08083333
2099202,121831,NULL,130,2014-09-12 05:45:26,NULL,NULL,1,8,121831,...,GEO,41.80527778,12.13944444
2099202,29810,NULL,133,2014-09-12 05:45:35,NULL,NULL,1,9,29810,...,DB,43.11027778,-2.510555556
2099202,122869,NULL,150,2014-09-12 05:46:23,NULL,NULL,1,10,122869,...,GEO,46.42833333,8.611388889
2099202,122870,NULL,190,2014-09-12 05:48:25,NULL,NULL,1,11,122870,...,GEO,45.76555556,8.886111111
2099202,18402,NULL,220,2014-09-12 05:50:24,NULL,NULL,1,12,18402,...,DB,68.52916667,26.84722222
2099202,21707,NULL,257,2014-09-12 05:53:30,NULL,NULL,1,13,21707,...,DB,60.32777778,11.15638889
2099202,220758,NULL,270,2014-09-12 05:54:46,NULL,NULL,1,14,220758,...,GEO,36.95416667,35.23305556
2099202,14114,NULL,296,2014-09-12 05:56:57,NULL,NULL,1,15,14114,...,DB,49.06944444,2.365
2099202,23659,NULL,314,2014-09-12 05:58:38,NULL,NULL,1,16,23659,...,DB,63.34222222,11.32138889
2099202,122872,NULL,320,2014-09-12 05:59:15,NULL,NULL,1,17,122872,...,GEO,45.62833333,9.019444444
2099202,20406,NULL,320,2014-09-12 05:59:37,NULL,NULL,1,18,20406,...,DB,50.39861111,-3.493611111
2099202,122873,NULL,320,2014-09-12 06:04:53,NULL,NULL,1,19,122873,...,GEO,45.45083333,8.996111111
2099202,9302,NULL,298,2014-09-12 06:05:36,NULL,NULL,1,20,9302,...,DB,34.84861111,-1.840555556
2099202,122874,NULL,285,2014-09-12 06:06:11,NULL,NULL,1,21,122874,...,GEO,45.35305556,8.917222222
2099202,108393,NULL,250,2014-09-12 06:07:43,NULL,NULL,1,22,108393,...,GEO,49.91722222,8.995555556
2099202,11934,NULL,240,2014-09-12 06:08:10,NULL,NULL,1,23,11934,...,DB,64.88444444,25.53166667
2099202,122875,NULL,240,2014-09-12 06:09:54,NULL,NULL,1,24,122875,...,GEO,52.56805556,13.39166667
2099202,122876,NULL,210,2014-09-12 06:11:16,NULL,NULL,1,25,122876,...,GEO,52.57861111,13.52527778
2099202,15001,NULL,204,2014-09-12 06:11:33,NULL,NULL,1,26,15001,...,DB,42.26638889,48.53861111
2099202,138663,NULL,190,2014-09-12 06:12:13,NULL,NULL,1,27,138663,...,GEO,40.8325,4.446388889
2099202,122877,NULL,170,2014-09-12 06:13:11,NULL,NULL,1,28,122877,...,GEO,52.59055556,13.7325
2099202,122878,NULL,150,2014-09-12 06:14:11,NULL,NULL,1,29,122878,...,GEO,52.10333333,14.06055556
2099202,92892,NULL,130,2014-09-12 06:15:12,NULL,NULL,1,30,92892,...,GEO,40.30277778,32.41916667
2099202,94270,NULL,90,2014-09-12 06:17:08,NULL,NULL,1,31,94270,...,GEO,53.65277778,9.971111111
2099202,92895,NULL,70,2014-09-12 06:18:50,NULL,NULL,1,32,92895,...,GEO,40.72,30.28472222
2099202,34877,NULL,61,2014-09-12 06:19:35,NULL,NULL,1,33,34877,...,DB,44.16666667,-54.88333333
2099202,122879,NULL,50,2014-09-12 06:20:35,NULL,NULL,1,34,122879,...,GEO,51.92527778,14.00777778
2099202,122880,NULL,35,2014-09-12 06:22:20,NULL,NULL,1,35,122880,...,GEO,51.55583333,13.89944444
2099202,122881,NULL,25,2014-09-12 06:23:32,NULL,NULL,1,36,122881,...,GEO,51.16638889,13.78722222
2099202,49221,NULL,20,2014-09-12 06:24:13,NULL,NULL,1,37,49221,...,GEO,28.61027778,-17.73027778
2099202,1368,NULL,0,2014-09-12 06:27:06,NULL,NULL,1,38,1368,...,A,43.32722222,25.00361111
